/*
Navicat MySQL Data Transfer

Source Server         : localhost
Source Server Version : 50623
Source Host           : localhost:3306
Source Database       : zt_kernel

Target Server Type    : MYSQL
Target Server Version : 50623
File Encoding         : 65001

Date: 2018-05-04 11:42:06
*/

SET FOREIGN_KEY_CHECKS=0;

-- ----------------------------
-- Table structure for t_application
-- ----------------------------
DROP TABLE IF EXISTS `t_application`;
CREATE TABLE `t_application` (
  `id` char(36) NOT NULL,
  `webroot` varchar(255) NOT NULL,
  `appname` varchar(255) NOT NULL,
  `dbno` int(11) NOT NULL,
  `language` varchar(255) NOT NULL,
  `copyright_owner` varchar(255) NOT NULL,
  `copyright_begin` varchar(4) NOT NULL,
  `copyright_end` varchar(4) DEFAULT NULL,
  `defaultApp` int(11) NOT NULL,
  `version` varchar(255) NOT NULL,
  `type` int(11) NOT NULL,
  `sort` int(11) NOT NULL,
  PRIMARY KEY (`id`)
) ENGINE=InnoDB DEFAULT CHARSET=utf8mb4;

-- ----------------------------
-- Records of t_application
-- ----------------------------
INSERT INTO `t_application` VALUES ('9CA6F639-40C0-B397-C382-9AC90FD40A9D', 'portal', '账务平台管理系统', '1', 'zh-CN', 'szzt', '2016', '', '1', '1.0', '1', '1');
INSERT INTO `t_application` VALUES ('EC817B38-2B85-11E6-94AB-B888E3759F7F', 'admin', '账务平台后台管理', '0', 'zh-CN', 'szzt', '2016', '', '0', '1.0', '0', '0');

-- ----------------------------
-- Table structure for t_application_info
-- ----------------------------
DROP TABLE IF EXISTS `t_application_info`;
CREATE TABLE `t_application_info` (
  `id` char(36) NOT NULL,
  `appid` char(36) NOT NULL,
  `info_name` varchar(500) NOT NULL,
  `info_value` varchar(500) NOT NULL,
  `isEnabled` varchar(2) NOT NULL,
  PRIMARY KEY (`id`),
  KEY `appid_cons_22` (`appid`),
  CONSTRAINT `t_application_info_ibfk_1` FOREIGN KEY (`appid`) REFERENCES `t_application` (`id`)
) ENGINE=InnoDB DEFAULT CHARSET=utf8mb4;

-- ----------------------------
-- Records of t_application_info
-- ----------------------------

-- ----------------------------
-- Table structure for t_application_link
-- ----------------------------
DROP TABLE IF EXISTS `t_application_link`;
CREATE TABLE `t_application_link` (
  `id` char(36) NOT NULL,
  `appid` char(36) NOT NULL,
  `link_type` int(11) NOT NULL,
  `link_name` varchar(500) NOT NULL,
  `link_url` varchar(500) NOT NULL,
  `link_image_url` varchar(500) DEFAULT NULL,
  `isEnabled` varchar(2) NOT NULL,
  PRIMARY KEY (`id`),
  KEY `appid_cons_23` (`appid`),
  CONSTRAINT `t_application_link_ibfk_1` FOREIGN KEY (`appid`) REFERENCES `t_application` (`id`)
) ENGINE=InnoDB DEFAULT CHARSET=utf8mb4;

-- ----------------------------
-- Records of t_application_link
-- ----------------------------

-- ----------------------------
-- Table structure for t_department
-- ----------------------------
DROP TABLE IF EXISTS `t_department`;
CREATE TABLE `t_department` (
  `id` char(36) NOT NULL,
  `name` varchar(255) NOT NULL,
  `code` varchar(100) CHARACTER SET utf8 NOT NULL,
  `levels` int(11) NOT NULL,
  `parentid` varchar(255) NOT NULL,
  `sort` int(11) NOT NULL,
  PRIMARY KEY (`id`)
) ENGINE=InnoDB DEFAULT CHARSET=utf8mb4;

-- ----------------------------
-- Records of t_department
-- ----------------------------

-- ----------------------------
-- Table structure for t_menu
-- ----------------------------
DROP TABLE IF EXISTS `t_menu`;
CREATE TABLE `t_menu` (
  `id` char(36) NOT NULL,
  `appid` char(36) NOT NULL,
  `name` varchar(255) NOT NULL,
  `icon_class` varchar(255) DEFAULT NULL,
  `icon_color` varchar(255) DEFAULT NULL,
  `page_url` varchar(255) DEFAULT NULL,
  `parentid` varchar(36) DEFAULT NULL,
  `sort` int(11) NOT NULL,
  `status` int(11) NOT NULL,
  `type` int(11) NOT NULL,
  `model` int(11) NOT NULL,
  `opentype` int(11) NOT NULL,
  `dialog_w` int(11) DEFAULT NULL,
  `dialog_h` int(11) DEFAULT NULL,
  PRIMARY KEY (`id`),
  KEY `appid_cons_341` (`appid`),
  CONSTRAINT `t_menu_ibfk_1` FOREIGN KEY (`appid`) REFERENCES `t_application` (`id`)
) ENGINE=InnoDB DEFAULT CHARSET=utf8mb4;

-- ----------------------------
-- Records of t_menu
-- ----------------------------
INSERT INTO `t_menu` VALUES ('07D5A17B-A0C2-33C2-F7CD-81B5F8A25930', '9CA6F639-40C0-B397-C382-9AC90FD40A9D', '标准参数', '', '', '', '90783B66-0DA5-68F0-CE89-DBD1355C9FD6', '1', '1', '1', '0', '0', '0', '0');
INSERT INTO `t_menu` VALUES ('07E26244-3499-BE3B-EA16-7B179FF89696', '9CA6F639-40C0-B397-C382-9AC90FD40A9D', '虚拟账户类型', '', '', '/view/page/dictionary/accounttype', 'AA7321D8-CB7E-E536-58B3-4F80B9842A68', '2', '1', '1', '0', '0', '0', '0');
INSERT INTO `t_menu` VALUES ('08BA8557-47DD-0B48-ADA5-D7399F1D2A46', '9CA6F639-40C0-B397-C382-9AC90FD40A9D', '查询管理', 'fa-search', '#001aff', '', '9CA6F639-40C0-B397-C382-9AC90FD40A9D', '5', '1', '1', '0', '0', '0', '0');
INSERT INTO `t_menu` VALUES ('09ADCEEC-B999-29A6-A1DE-71BAF39BA834', '9CA6F639-40C0-B397-C382-9AC90FD40A9D', '账户管理', 'fa-bank', '#eb8813', '', '9CA6F639-40C0-B397-C382-9AC90FD40A9D', '2', '1', '1', '0', '0', '0', '0');
INSERT INTO `t_menu` VALUES ('09CDEE4C-0F18-0B26-1209-55CD55572387', '9CA6F639-40C0-B397-C382-9AC90FD40A9D', '订单查询', '', '#06c902', '', '08BA8557-47DD-0B48-ADA5-D7399F1D2A46', '2', '1', '1', '0', '0', '0', '0');
INSERT INTO `t_menu` VALUES ('0DB7FD1E-28E6-90F3-5618-6F004D6AAB3B', '9CA6F639-40C0-B397-C382-9AC90FD40A9D', '内部账查询', '', '', '', '08BA8557-47DD-0B48-ADA5-D7399F1D2A46', '4', '1', '1', '0', '0', '0', '0');
INSERT INTO `t_menu` VALUES ('0EC5E601-9846-BB0A-6A6C-BA501B7B8336', '9CA6F639-40C0-B397-C382-9AC90FD40A9D', 'B类账户', '', '#ff0000', '/view/page/account/businessAccountMng', '09ADCEEC-B999-29A6-A1DE-71BAF39BA834', '1', '1', '1', '0', '0', '0', '0');
INSERT INTO `t_menu` VALUES ('0ED44C55-C6FA-CF86-4663-739395532728', '9CA6F639-40C0-B397-C382-9AC90FD40A9D', 'B户积分结算审核', '', '', '/view/page/review/integralsettlement', '364E50A9-6BB8-40C7-CF54-396947A70E50', '4', '1', '1', '0', '0', '0', '0');
INSERT INTO `t_menu` VALUES ('158E2527-9585-7C75-23EB-A2CC5A5A194B', '9CA6F639-40C0-B397-C382-9AC90FD40A9D', '会计科目字典', '', '', '/view/page/dictionary/accountItem', 'AA7321D8-CB7E-E536-58B3-4F80B9842A68', '1', '1', '1', '0', '0', '0', '0');
INSERT INTO `t_menu` VALUES ('1CE230FA-8E07-E619-79DF-0A15268B8058', '9CA6F639-40C0-B397-C382-9AC90FD40A9D', '订单审核记录', '', '', '/view/page/review/reviewRecord', '364E50A9-6BB8-40C7-CF54-396947A70E50', '1', '1', '1', '0', '0', '0', '0');
INSERT INTO `t_menu` VALUES ('20A35A80-8525-8B93-6AE0-8404177A4FA9', '9CA6F639-40C0-B397-C382-9AC90FD40A9D', '日终任务处理情况', '', '', '/view/page/query/batchtaskinfo', '08BA8557-47DD-0B48-ADA5-D7399F1D2A46', '1', '1', '1', '0', '0', '0', '0');
INSERT INTO `t_menu` VALUES ('23E15A3E-3A71-B820-9B3D-4D0710C13934', '9CA6F639-40C0-B397-C382-9AC90FD40A9D', '日期参数', '', '#ff0000', '/view/page/dictionary/dateparam', 'AA7321D8-CB7E-E536-58B3-4F80B9842A68', '8', '1', '1', '0', '0', '0', '0');
INSERT INTO `t_menu` VALUES ('241788F9-9CE0-BD2D-C589-3777E3075070', '9CA6F639-40C0-B397-C382-9AC90FD40A9D', '年统计', '', '', '/view/page/query/customer/customeryear', '95F8CAA3-F7DD-507E-4C4D-DC8BE12495EE', '2', '1', '1', '0', '0', '0', '0');
INSERT INTO `t_menu` VALUES ('28E4BCDB-BB9F-6877-C9B4-E5BFB6DB860B', '9CA6F639-40C0-B397-C382-9AC90FD40A9D', '订单状态', '', '', '/view/page/dictionary/orderstatus', 'AA7321D8-CB7E-E536-58B3-4F80B9842A68', '5', '1', '1', '0', '0', '0', '0');
INSERT INTO `t_menu` VALUES ('3220C252-E10C-55E5-BA8C-26A9EC89AD0A', '9CA6F639-40C0-B397-C382-9AC90FD40A9D', '月统计', '', '', '/view/page/query/customer/customermonth', '95F8CAA3-F7DD-507E-4C4D-DC8BE12495EE', '1', '1', '1', '0', '0', '0', '0');
INSERT INTO `t_menu` VALUES ('34E8B580-5E56-025E-242D-50FB6CBC9566', '9CA6F639-40C0-B397-C382-9AC90FD40A9D', '订单类型', '', '', '/view/page/dictionary/ordertype', 'AA7321D8-CB7E-E536-58B3-4F80B9842A68', '6', '1', '1', '0', '0', '0', '0');
INSERT INTO `t_menu` VALUES ('364E50A9-6BB8-40C7-CF54-396947A70E50', '9CA6F639-40C0-B397-C382-9AC90FD40A9D', '订单审核', '', '#fca700', '', 'D25D8F20-EEA5-FCC0-8DC7-D499FFEE91ED', '0', '1', '1', '0', '0', '0', '0');
INSERT INTO `t_menu` VALUES ('39D3C70A-BB27-3BB4-EDBD-AF3FC3636C24', '9CA6F639-40C0-B397-C382-9AC90FD40A9D', '证件类型', '', '', '/view/page/dictionary/certtype', '07D5A17B-A0C2-33C2-F7CD-81B5F8A25930', '1', '1', '1', '0', '0', '0', '0');
INSERT INTO `t_menu` VALUES ('3A74CD71-E0A9-BFE4-5948-30E32E699C66', '9CA6F639-40C0-B397-C382-9AC90FD40A9D', '订单审核记录查询', '', '', '/view/page/query/history/reviewRecord', '54057424-DE81-51C9-FE6F-587D4370A54B', '2', '1', '1', '0', '0', '0', '0');
INSERT INTO `t_menu` VALUES ('3AC08EF6-3A3E-C6D2-4D58-56F0D339A7B8', '9CA6F639-40C0-B397-C382-9AC90FD40A9D', '行政区域', '', '', '/view/page/dictionary/region', '07D5A17B-A0C2-33C2-F7CD-81B5F8A25930', '0', '1', '1', '0', '0', '0', '0');
INSERT INTO `t_menu` VALUES ('3D270546-3387-9E6A-0189-D3F9EF780956', '9CA6F639-40C0-B397-C382-9AC90FD40A9D', '科目汇总', '', '', '/view/page/query/inner/innersummary', '0DB7FD1E-28E6-90F3-5618-6F004D6AAB3B', '2', '1', '1', '0', '0', '0', '0');
INSERT INTO `t_menu` VALUES ('44A9D803-E106-11E9-AAD7-84DB4989C85C', '9CA6F639-40C0-B397-C382-9AC90FD40A9D', '非余额订单查询', '', '#ff0000', '/view/page/query/order/nonBalanceOrderSearch', '4CC6FBF6-AD36-3ABF-9E0E-C1D46648A416', '4', '1', '1', '0', '0', '0', '0');
INSERT INTO `t_menu` VALUES ('45CF4E93-5AE2-8502-CAEF-8376B4FA0BF5', '9CA6F639-40C0-B397-C382-9AC90FD40A9D', '历史数据表对应关系', '', '#ff0000', '/view/page/query/histables', '08BA8557-47DD-0B48-ADA5-D7399F1D2A46', '0', '1', '1', '0', '0', '0', '0');
INSERT INTO `t_menu` VALUES ('4A516B69-752F-9F23-89CB-A62A3EA6D471', '9CA6F639-40C0-B397-C382-9AC90FD40A9D', '特殊交易', '', '', '/view/page/inner/internaltrade', 'E59118FD-12D2-28B9-46D1-50848D3904AE', '2', '1', '1', '0', '0', '0', '0');
INSERT INTO `t_menu` VALUES ('4CC6FBF6-AD36-3ABF-9E0E-C1D46648A416', '9CA6F639-40C0-B397-C382-9AC90FD40A9D', '未核算订单', '', '#ff2e00', '', '09CDEE4C-0F18-0B26-1209-55CD55572387', '1', '1', '1', '0', '0', '0', '0');
INSERT INTO `t_menu` VALUES ('54057424-DE81-51C9-FE6F-587D4370A54B', '9CA6F639-40C0-B397-C382-9AC90FD40A9D', '历史数据查询', '', '', '', '08BA8557-47DD-0B48-ADA5-D7399F1D2A46', '6', '1', '1', '0', '0', '0', '0');
INSERT INTO `t_menu` VALUES ('57DCED12-4EAA-2B0C-E63A-58D169F88A04', '9CA6F639-40C0-B397-C382-9AC90FD40A9D', '特殊交易审核', '', '', '/view/page/review/internaltrade', '364E50A9-6BB8-40C7-CF54-396947A70E50', '5', '1', '1', '0', '0', '0', '0');
INSERT INTO `t_menu` VALUES ('62A6501F-4680-D1BC-9E07-254173AD8BD4', '9CA6F639-40C0-B397-C382-9AC90FD40A9D', 'B户绑定类型', '', '', '/view/page/dictionary/bindtypeB', '694B5E41-18B3-BE0C-B839-AA4868FC6AD3', '0', '1', '1', '0', '0', '0', '0');
INSERT INTO `t_menu` VALUES ('67EA283E-7B08-0389-CA76-125F7A45A4A9', '9CA6F639-40C0-B397-C382-9AC90FD40A9D', '积分配置', '', '#ff0000', '/view/page/dictionary/intergralparam', 'F45DBA98-4628-3588-4AFA-8CC5AB65A4D6', '1', '1', '1', '0', '0', '0', '0');
INSERT INTO `t_menu` VALUES ('694B5E41-18B3-BE0C-B839-AA4868FC6AD3', '9CA6F639-40C0-B397-C382-9AC90FD40A9D', '绑定类型', '', '', '', 'AA7321D8-CB7E-E536-58B3-4F80B9842A68', '3', '1', '1', '0', '0', '0', '0');
INSERT INTO `t_menu` VALUES ('6E78364C-3313-1FEA-AD1D-9F5F89C336FF', '9CA6F639-40C0-B397-C382-9AC90FD40A9D', '退款订单查询', '', '#ff0000', '/view/page/query/order/refundOrderSearch', '4CC6FBF6-AD36-3ABF-9E0E-C1D46648A416', '2', '1', '1', '0', '0', '0', '0');
INSERT INTO `t_menu` VALUES ('70C0D134-B248-FA7D-2FE1-4095DCA94D93', '9CA6F639-40C0-B397-C382-9AC90FD40A9D', 'B户余额结算审核', '', '', '/view/page/review/balancesettlement', '364E50A9-6BB8-40C7-CF54-396947A70E50', '3', '1', '1', '0', '0', '0', '0');
INSERT INTO `t_menu` VALUES ('725B94FE-2B2B-CEB8-FA9E-E61C75A87255', '9CA6F639-40C0-B397-C382-9AC90FD40A9D', '科目汇总', '', '', '/view/page/query/history/innersummary', '8EF9E385-D381-19C5-8090-B25D0B8AED3B', '2', '1', '1', '0', '0', '0', '0');
INSERT INTO `t_menu` VALUES ('75AF02D7-E244-2EA2-7A42-FDD8FA51976D', '9CA6F639-40C0-B397-C382-9AC90FD40A9D', '日终批处理', '', '', '/view/page/dictionary/batch', 'AA7321D8-CB7E-E536-58B3-4F80B9842A68', '7', '1', '1', '0', '0', '0', '0');
INSERT INTO `t_menu` VALUES ('7A7D81BD-DC40-8DF2-94FA-9015CB82928C', '9CA6F639-40C0-B397-C382-9AC90FD40A9D', '全部订单查询', '', '#ff0000', '/view/page/query/order/allOrderSearch', '4CC6FBF6-AD36-3ABF-9E0E-C1D46648A416', '0', '1', '1', '0', '0', '0', '0');
INSERT INTO `t_menu` VALUES ('8632D43C-1504-A0BE-857C-E72773F016BF', '9CA6F639-40C0-B397-C382-9AC90FD40A9D', 'C户余额提现审核', '', '#ff0000', '/view/page/review/balancecash', '364E50A9-6BB8-40C7-CF54-396947A70E50', '2', '1', '1', '0', '0', '0', '0');
INSERT INTO `t_menu` VALUES ('881C965F-1CDD-4E3F-CE8B-2C4C6EC721DD', '9CA6F639-40C0-B397-C382-9AC90FD40A9D', '余额订单查询', '', '#ff0000', '/view/page/query/order/balanceOrderSearch', '4CC6FBF6-AD36-3ABF-9E0E-C1D46648A416', '1', '1', '1', '0', '0', '0', '0');
INSERT INTO `t_menu` VALUES ('8B489A39-740D-4F38-D387-61D349B12497', '9CA6F639-40C0-B397-C382-9AC90FD40A9D', '系统参数', '', '', '/view/page/dictionary/sysparam', 'AA7321D8-CB7E-E536-58B3-4F80B9842A68', '0', '1', '1', '0', '0', '0', '0');
INSERT INTO `t_menu` VALUES ('8EF9E385-D381-19C5-8090-B25D0B8AED3B', '9CA6F639-40C0-B397-C382-9AC90FD40A9D', '内部账查询', '', '', '', '54057424-DE81-51C9-FE6F-587D4370A54B', '3', '1', '1', '0', '0', '0', '0');
INSERT INTO `t_menu` VALUES ('8FB80DAC-2DAF-4599-CA2C-0B5884A2C2B8', '9CA6F639-40C0-B397-C382-9AC90FD40A9D', '已核算订单查询', '', '', '/view/page/query/order/allAdjustOrder', '09CDEE4C-0F18-0B26-1209-55CD55572387', '2', '1', '1', '0', '0', '0', '0');
INSERT INTO `t_menu` VALUES ('90783B66-0DA5-68F0-CE89-DBD1355C9FD6', '9CA6F639-40C0-B397-C382-9AC90FD40A9D', '参数管理', 'fa-book', '#f2467a', '', '9CA6F639-40C0-B397-C382-9AC90FD40A9D', '1', '1', '1', '0', '0', '0', '0');
INSERT INTO `t_menu` VALUES ('94B9C7E9-FC9A-E691-C384-B7CD4C8DA41B', '9CA6F639-40C0-B397-C382-9AC90FD40A9D', '日统计', '', '', '/view/page/query/inner/innerstatistics', '0DB7FD1E-28E6-90F3-5618-6F004D6AAB3B', '1', '1', '1', '0', '0', '0', '0');
INSERT INTO `t_menu` VALUES ('95F8CAA3-F7DD-507E-4C4D-DC8BE12495EE', '9CA6F639-40C0-B397-C382-9AC90FD40A9D', '客户账查询', '', '', '', '08BA8557-47DD-0B48-ADA5-D7399F1D2A46', '3', '1', '1', '0', '0', '0', '0');
INSERT INTO `t_menu` VALUES ('9F75F8E0-9A1C-5626-AD48-F328F8EDEAB7', '9CA6F639-40C0-B397-C382-9AC90FD40A9D', '积分订单查询', '', '#ff0000', '/view/page/query/order/integralOrderSearch', '4CC6FBF6-AD36-3ABF-9E0E-C1D46648A416', '5', '1', '1', '0', '0', '0', '0');
INSERT INTO `t_menu` VALUES ('A2A4C78B-A3FD-0C9B-DDF2-E041D3AAA77E', '9CA6F639-40C0-B397-C382-9AC90FD40A9D', 'C户绑定类型', '', '', '/view/page/dictionary/bindtypeC', '694B5E41-18B3-BE0C-B839-AA4868FC6AD3', '1', '1', '1', '0', '0', '0', '0');
INSERT INTO `t_menu` VALUES ('A2E3D84F-FDA4-AB3E-07BC-F9427CE215FF', '9CA6F639-40C0-B397-C382-9AC90FD40A9D', '支付方式', '', '', '/view/page/dictionary/paytype', 'AA7321D8-CB7E-E536-58B3-4F80B9842A68', '4', '1', '1', '0', '0', '0', '0');
INSERT INTO `t_menu` VALUES ('AA7321D8-CB7E-E536-58B3-4F80B9842A68', '9CA6F639-40C0-B397-C382-9AC90FD40A9D', '基础参数', '', '', '', '90783B66-0DA5-68F0-CE89-DBD1355C9FD6', '2', '1', '1', '0', '0', '0', '0');
INSERT INTO `t_menu` VALUES ('AC6C7E8D-3FB4-B7A2-13E8-E631456DBEF0', '9CA6F639-40C0-B397-C382-9AC90FD40A9D', '全部订单查询', '', '', '/view/page/query/history/allOrderSearch', '54057424-DE81-51C9-FE6F-587D4370A54B', '1', '1', '1', '0', '0', '0', '0');
INSERT INTO `t_menu` VALUES ('BC21D52F-C19D-804E-5ECC-15BFD4E5284D', '9CA6F639-40C0-B397-C382-9AC90FD40A9D', 'C类账户', '', '#ff0000', '/view/page/account/custAccountMng', '09ADCEEC-B999-29A6-A1DE-71BAF39BA834', '2', '1', '1', '0', '0', '0', '0');
INSERT INTO `t_menu` VALUES ('C3CE833F-21E5-FBED-0CA7-22C2757BB79A', '9CA6F639-40C0-B397-C382-9AC90FD40A9D', '日统计', '', '', '/view/page/query/history/innerstatistics', '8EF9E385-D381-19C5-8090-B25D0B8AED3B', '1', '1', '1', '0', '0', '0', '0');
INSERT INTO `t_menu` VALUES ('CCC00CBB-F1A9-589E-988E-486251013EC9', '9CA6F639-40C0-B397-C382-9AC90FD40A9D', '行业分类', '', '', '/view/page/dictionary/industry', '07D5A17B-A0C2-33C2-F7CD-81B5F8A25930', '2', '1', '1', '0', '0', '0', '0');
INSERT INTO `t_menu` VALUES ('D25D8F20-EEA5-FCC0-8DC7-D499FFEE91ED', '9CA6F639-40C0-B397-C382-9AC90FD40A9D', '订单管理', 'fa-reorder', '#06c902', '', '9CA6F639-40C0-B397-C382-9AC90FD40A9D', '3', '1', '1', '0', '0', '0', '0');
INSERT INTO `t_menu` VALUES ('D86BA35E-B34D-A940-7A51-E1B0F58EEFB5', '9CA6F639-40C0-B397-C382-9AC90FD40A9D', '电子券订单查询', '', '', '/view/page/query/order/currencyOrderSearch', '4CC6FBF6-AD36-3ABF-9E0E-C1D46648A416', '6', '1', '1', '0', '0', '0', '0');
INSERT INTO `t_menu` VALUES ('E59118FD-12D2-28B9-46D1-50848D3904AE', '9CA6F639-40C0-B397-C382-9AC90FD40A9D', '内部操作', 'fa-cog', '', '', '9CA6F639-40C0-B397-C382-9AC90FD40A9D', '4', '1', '1', '0', '0', '0', '0');
INSERT INTO `t_menu` VALUES ('EA447E6A-E223-7377-78DC-2D7D45502646', '9CA6F639-40C0-B397-C382-9AC90FD40A9D', '日终任务处理情况', '', '', '/view/page/query/history/batchtaskinfo', '54057424-DE81-51C9-FE6F-587D4370A54B', '4', '1', '1', '0', '0', '0', '0');
INSERT INTO `t_menu` VALUES ('ECD6F1BA-2B85-11E6-94AB-B888E3759F7F', 'EC817B38-2B85-11E6-94AB-B888E3759F7F', '系统配置', 'fa-cogs', '#1b992f', '', 'EC817B38-2B85-11E6-94AB-B888E3759F7F', '0', '1', '0', '0', '0', '0', '0');
INSERT INTO `t_menu` VALUES ('ECDF5C74-2B85-11E6-94AB-B888E3759F7F', 'EC817B38-2B85-11E6-94AB-B888E3759F7F', '用户配置', 'fa-users', '#354ab8', '/view/page/user/user', 'ECD6F1BA-2B85-11E6-94AB-B888E3759F7F', '0', '1', '0', '0', '0', '0', '0');
INSERT INTO `t_menu` VALUES ('ECE5329F-2B85-11E6-94AB-B888E3759F7F', 'EC817B38-2B85-11E6-94AB-B888E3759F7F', '机构配置', 'fa-deviantart', '#354ab8', '/view/page/department/department', 'ECD6F1BA-2B85-11E6-94AB-B888E3759F7F', '2', '1', '0', '0', '0', '0', '0');
INSERT INTO `t_menu` VALUES ('F45DBA98-4628-3588-4AFA-8CC5AB65A4D6', '9CA6F639-40C0-B397-C382-9AC90FD40A9D', '业务参数', '', '', '', '90783B66-0DA5-68F0-CE89-DBD1355C9FD6', '3', '1', '1', '0', '0', '0', '0');
INSERT INTO `t_menu` VALUES ('F49D74C8-9C73-2FF4-EC19-A7A3CFBEF0DA', '9CA6F639-40C0-B397-C382-9AC90FD40A9D', '通用记账', '', '', '/view/page/inner/normaltrade', 'E59118FD-12D2-28B9-46D1-50848D3904AE', '1', '1', '1', '0', '0', '0', '0');

-- ----------------------------
-- Table structure for t_module
-- ----------------------------
DROP TABLE IF EXISTS `t_module`;
CREATE TABLE `t_module` (
  `id` char(36) NOT NULL,
  `appid` char(36) NOT NULL,
  `name` varchar(255) NOT NULL,
  `code` varchar(100) NOT NULL,
  `parentid` varchar(36) NOT NULL,
  `type` int(11) NOT NULL,
  PRIMARY KEY (`id`),
  KEY `appid_cons_351` (`appid`),
  KEY `module_index_1` (`code`,`appid`),
  CONSTRAINT `t_module_ibfk_1` FOREIGN KEY (`appid`) REFERENCES `t_application` (`id`)
) ENGINE=InnoDB DEFAULT CHARSET=utf8mb4;

-- ----------------------------
-- Records of t_module
-- ----------------------------
INSERT INTO `t_module` VALUES ('2835EC7F-3A1D-7148-BC69-31D5F8790087', '9CA6F639-40C0-B397-C382-9AC90FD40A9D', '内部交易', 'back_1001', '9CA6F639-40C0-B397-C382-9AC90FD40A9D', '1');
INSERT INTO `t_module` VALUES ('75D0E949-12E9-D663-C38F-E63557EC91FD', '9CA6F639-40C0-B397-C382-9AC90FD40A9D', '参数配置', 'dictionary', '9CA6F639-40C0-B397-C382-9AC90FD40A9D', '1');
INSERT INTO `t_module` VALUES ('B71D3C3C-1633-E753-2665-32B260D3FB0D', '9CA6F639-40C0-B397-C382-9AC90FD40A9D', 'C户交易处理', 'back_1002', '9CA6F639-40C0-B397-C382-9AC90FD40A9D', '1');
INSERT INTO `t_module` VALUES ('C9D1B206-2758-8990-5251-8C601C5B0FDD', '9CA6F639-40C0-B397-C382-9AC90FD40A9D', '账户管理', 'account_manage', '9CA6F639-40C0-B397-C382-9AC90FD40A9D', '1');
INSERT INTO `t_module` VALUES ('E3F3E8F3-2A79-B3D9-D1EC-B30297A886CD', '9CA6F639-40C0-B397-C382-9AC90FD40A9D', '批量任务交易', 'back_1003', '9CA6F639-40C0-B397-C382-9AC90FD40A9D', '1');
INSERT INTO `t_module` VALUES ('ED22BD14-2B85-11E6-94AB-B888E3759F7F', 'EC817B38-2B85-11E6-94AB-B888E3759F7F', '系统管理', 'systemadmin', 'EC817B38-2B85-11E6-94AB-B888E3759F7F', '0');
INSERT INTO `t_module` VALUES ('F2065952-E411-6170-C871-F445BA022707', '9CA6F639-40C0-B397-C382-9AC90FD40A9D', '参数编辑授权', 'dictionary_power', '75D0E949-12E9-D663-C38F-E63557EC91FD', '1');

-- ----------------------------
-- Table structure for t_module_func
-- ----------------------------
DROP TABLE IF EXISTS `t_module_func`;
CREATE TABLE `t_module_func` (
  `id` char(36) NOT NULL,
  `appid` char(36) NOT NULL,
  `moduleid` char(36) NOT NULL,
  `name` varchar(255) NOT NULL,
  `code` varchar(100) NOT NULL,
  `islog` int(11) NOT NULL,
  `type` int(11) NOT NULL,
  PRIMARY KEY (`id`),
  KEY `moduleid_cons_352` (`moduleid`),
  KEY `appid_cons_352` (`appid`),
  KEY `module_func_index_1` (`code`,`appid`),
  CONSTRAINT `t_module_func_ibfk_1` FOREIGN KEY (`appid`) REFERENCES `t_application` (`id`),
  CONSTRAINT `t_module_func_ibfk_2` FOREIGN KEY (`moduleid`) REFERENCES `t_module` (`id`)
) ENGINE=InnoDB DEFAULT CHARSET=utf8mb4;

-- ----------------------------
-- Records of t_module_func
-- ----------------------------
INSERT INTO `t_module_func` VALUES ('052F8881-AC49-3311-95B7-88F2ACDB3A75', '9CA6F639-40C0-B397-C382-9AC90FD40A9D', '75D0E949-12E9-D663-C38F-E63557EC91FD', '参数编辑', 'dictionary_edit', '0', '1');
INSERT INTO `t_module_func` VALUES ('06C47385-7CA3-A278-3787-0AE9930B09A2', '9CA6F639-40C0-B397-C382-9AC90FD40A9D', 'F2065952-E411-6170-C871-F445BA022707', '支付方式编辑授权', 'acc_dic_paytype_power', '0', '1');
INSERT INTO `t_module_func` VALUES ('13E90A91-6C7F-2960-AE3F-7FAD396CC475', '9CA6F639-40C0-B397-C382-9AC90FD40A9D', 'F2065952-E411-6170-C871-F445BA022707', '行政区域编辑授权', 'acc_dic_region_power', '0', '1');
INSERT INTO `t_module_func` VALUES ('25133435-5D8A-29BB-5E0C-2AC5FF58608D', '9CA6F639-40C0-B397-C382-9AC90FD40A9D', 'F2065952-E411-6170-C871-F445BA022707', '证件类型编辑授权', 'acc_dic_certtype_power', '0', '1');
INSERT INTO `t_module_func` VALUES ('2705794B-9A8B-7EE3-7507-11D1239F08C8', '9CA6F639-40C0-B397-C382-9AC90FD40A9D', '2835EC7F-3A1D-7148-BC69-31D5F8790087', '特殊交易申请', 'back_applyInternalTrade', '0', '1');
INSERT INTO `t_module_func` VALUES ('2CEBA7A5-46FB-332F-7872-C03351B9E801', '9CA6F639-40C0-B397-C382-9AC90FD40A9D', '2835EC7F-3A1D-7148-BC69-31D5F8790087', '通用记账交易', 'back_business_normaltrade', '0', '1');
INSERT INTO `t_module_func` VALUES ('2E4AA2BF-370C-B2A4-DB19-CBF46A269F9B', '9CA6F639-40C0-B397-C382-9AC90FD40A9D', 'F2065952-E411-6170-C871-F445BA022707', '行业分类编辑授权', 'acc_dic_industry_power', '0', '1');
INSERT INTO `t_module_func` VALUES ('40060858-7F81-AC0E-9F23-8308B494D227', '9CA6F639-40C0-B397-C382-9AC90FD40A9D', 'F2065952-E411-6170-C871-F445BA022707', '积分参数编辑授权', 'acc_dic_intergralparam_power', '0', '1');
INSERT INTO `t_module_func` VALUES ('4E7B8CC7-CD76-1455-C03A-8F32F7AAC8B3', '9CA6F639-40C0-B397-C382-9AC90FD40A9D', '2835EC7F-3A1D-7148-BC69-31D5F8790087', '特殊交易审核', 'back_InternalTrade', '0', '1');
INSERT INTO `t_module_func` VALUES ('627A1E22-695D-A512-5616-5A0E4F0E8A5C', '9CA6F639-40C0-B397-C382-9AC90FD40A9D', '2835EC7F-3A1D-7148-BC69-31D5F8790087', 'B户积分结算申请', 'back_business_applyIntegralSettlement', '0', '1');
INSERT INTO `t_module_func` VALUES ('72AAE1A2-0D1D-8CA4-5D2A-62E3FAFB8448', '9CA6F639-40C0-B397-C382-9AC90FD40A9D', 'F2065952-E411-6170-C871-F445BA022707', 'B户绑定类型编辑授权', 'acc_dic_b_bindtype_power', '0', '1');
INSERT INTO `t_module_func` VALUES ('736ECE4D-03B8-B635-5456-36AEFE54E676', '9CA6F639-40C0-B397-C382-9AC90FD40A9D', 'F2065952-E411-6170-C871-F445BA022707', '订单类型编辑授权', 'acc_dic_ordertype_power', '0', '1');
INSERT INTO `t_module_func` VALUES ('764C95A5-A0BF-1D1E-7F3B-1AE6DD2C0879', '9CA6F639-40C0-B397-C382-9AC90FD40A9D', '2835EC7F-3A1D-7148-BC69-31D5F8790087', 'B户余额结算审核', 'back_business_BalanceSettlement', '0', '1');
INSERT INTO `t_module_func` VALUES ('894FCF63-EDAF-7300-319A-BCDD1B2E3271', '9CA6F639-40C0-B397-C382-9AC90FD40A9D', '2835EC7F-3A1D-7148-BC69-31D5F8790087', 'B户余额结算取消', 'back_business_cancleBalanceSettlement', '0', '1');
INSERT INTO `t_module_func` VALUES ('8CCA2525-8121-9B22-352C-BC69B118A1A7', '9CA6F639-40C0-B397-C382-9AC90FD40A9D', 'F2065952-E411-6170-C871-F445BA022707', '日终批量编辑授权', 'acc_dic_batch_power', '0', '1');
INSERT INTO `t_module_func` VALUES ('90D61463-2D9C-EA1E-52D0-6BAC6F358AAF', '9CA6F639-40C0-B397-C382-9AC90FD40A9D', '2835EC7F-3A1D-7148-BC69-31D5F8790087', 'B户积分结算取消', 'back_business_cancleIntegralSettlement', '0', '1');
INSERT INTO `t_module_func` VALUES ('95E3CB9E-4833-C14F-08A5-061E53246944', '9CA6F639-40C0-B397-C382-9AC90FD40A9D', '2835EC7F-3A1D-7148-BC69-31D5F8790087', '特殊交易取消', 'back_cancleInternalTrade', '0', '1');
INSERT INTO `t_module_func` VALUES ('9933AE81-9AE5-CD95-DF12-F3728B2833D8', '9CA6F639-40C0-B397-C382-9AC90FD40A9D', '2835EC7F-3A1D-7148-BC69-31D5F8790087', 'B户积分结算审核', 'back_business_IntegralSettlement', '0', '1');
INSERT INTO `t_module_func` VALUES ('9A2D1AFB-7EBA-8526-794B-935306B1BB74', '9CA6F639-40C0-B397-C382-9AC90FD40A9D', '2835EC7F-3A1D-7148-BC69-31D5F8790087', '特殊交易审核', 'back_reviewInternalTrade', '0', '1');
INSERT INTO `t_module_func` VALUES ('ABE85A3F-E680-D05E-C981-DC05C52A02AA', '9CA6F639-40C0-B397-C382-9AC90FD40A9D', 'C9D1B206-2758-8990-5251-8C601C5B0FDD', 'B户注册信息复核', 'business_register_review', '0', '1');
INSERT INTO `t_module_func` VALUES ('B4359F0A-6EA0-1021-33FD-56952FD93B65', '9CA6F639-40C0-B397-C382-9AC90FD40A9D', 'F2065952-E411-6170-C871-F445BA022707', '系统参数编辑授权', 'acc_dic_sysparam_power', '0', '1');
INSERT INTO `t_module_func` VALUES ('B8565856-ED16-9F1D-518E-B5888BC30828', '9CA6F639-40C0-B397-C382-9AC90FD40A9D', 'E3F3E8F3-2A79-B3D9-D1EC-B30297A886CD', '手动执行批量任务', 'batchtask_excute', '0', '1');
INSERT INTO `t_module_func` VALUES ('B96B465B-1635-4205-CD9D-B036A563D495', '9CA6F639-40C0-B397-C382-9AC90FD40A9D', 'B71D3C3C-1633-E753-2665-32B260D3FB0D', 'C户余额提现订单取消', 'back_cust_canclecash', '0', '1');
INSERT INTO `t_module_func` VALUES ('BECDBB28-186F-DD6E-FB9C-50147909E4F3', '9CA6F639-40C0-B397-C382-9AC90FD40A9D', 'F2065952-E411-6170-C871-F445BA022707', '日期参数编辑授权', 'acc_dic_dateparam_power', '0', '1');
INSERT INTO `t_module_func` VALUES ('CBC20469-4EA3-33B1-63E0-CAEB4ABB8A0A', '9CA6F639-40C0-B397-C382-9AC90FD40A9D', 'B71D3C3C-1633-E753-2665-32B260D3FB0D', 'C户余额提现订单审核', 'back_cust_cash', '0', '1');
INSERT INTO `t_module_func` VALUES ('CE6DA8E5-3C40-BF85-0E76-6B7F328D1330', '9CA6F639-40C0-B397-C382-9AC90FD40A9D', 'C9D1B206-2758-8990-5251-8C601C5B0FDD', 'B户信息维护授权', 'business_account_power', '0', '1');
INSERT INTO `t_module_func` VALUES ('DCF3D915-F2F9-4374-1911-8AEE87A9FF9A', '9CA6F639-40C0-B397-C382-9AC90FD40A9D', 'F2065952-E411-6170-C871-F445BA022707', '虚拟账户类型编辑授权', 'acc_dic_account_type_power', '0', '1');
INSERT INTO `t_module_func` VALUES ('DFFEF113-8751-8132-8784-AEFE732512DF', '9CA6F639-40C0-B397-C382-9AC90FD40A9D', 'E3F3E8F3-2A79-B3D9-D1EC-B30297A886CD', '手动执行批量任务授权', 'batchtask_excute_power', '0', '1');
INSERT INTO `t_module_func` VALUES ('E38B7639-A4B4-C355-6EA4-C071A4E098C5', '9CA6F639-40C0-B397-C382-9AC90FD40A9D', 'F2065952-E411-6170-C871-F445BA022707', 'C户绑定类型编辑授权', 'acc_dic_c_bindtype_power', '0', '1');
INSERT INTO `t_module_func` VALUES ('ECEAAECF-ED26-64B4-46B3-E8190D3CCF47', '9CA6F639-40C0-B397-C382-9AC90FD40A9D', '2835EC7F-3A1D-7148-BC69-31D5F8790087', 'B户余额结算申请', 'back_business_applyBalanceSettlement', '0', '1');
INSERT INTO `t_module_func` VALUES ('ED2CF484-2B85-11E6-94AB-B888E3759F7F', 'EC817B38-2B85-11E6-94AB-B888E3759F7F', 'ED22BD14-2B85-11E6-94AB-B888E3759F7F', '查看所有系统在线用户统计', 'allonlineuser', '0', '0');
INSERT INTO `t_module_func` VALUES ('ED39348D-2B85-11E6-94AB-B888E3759F7F', 'EC817B38-2B85-11E6-94AB-B888E3759F7F', 'ED22BD14-2B85-11E6-94AB-B888E3759F7F', '系统参数配置', 'sysparamconfig', '0', '0');
INSERT INTO `t_module_func` VALUES ('ED3F0E5C-2B85-11E6-94AB-B888E3759F7F', 'EC817B38-2B85-11E6-94AB-B888E3759F7F', 'ED22BD14-2B85-11E6-94AB-B888E3759F7F', '应用配置', 'appconfig', '0', '0');
INSERT INTO `t_module_func` VALUES ('ED4B8D96-2B85-11E6-94AB-B888E3759F7F', 'EC817B38-2B85-11E6-94AB-B888E3759F7F', 'ED22BD14-2B85-11E6-94AB-B888E3759F7F', '角色配置', 'roleconfig', '0', '0');
INSERT INTO `t_module_func` VALUES ('ED514FA4-2B85-11E6-94AB-B888E3759F7F', 'EC817B38-2B85-11E6-94AB-B888E3759F7F', 'ED22BD14-2B85-11E6-94AB-B888E3759F7F', '权限配置', 'powerconfig', '0', '0');
INSERT INTO `t_module_func` VALUES ('ED8380C2-02BC-86DB-32D7-DE94118D3BBB', '9CA6F639-40C0-B397-C382-9AC90FD40A9D', 'F2065952-E411-6170-C871-F445BA022707', '订单状态编辑授权', 'acc_dic_orderstatus_power', '0', '1');
INSERT INTO `t_module_func` VALUES ('EDF05941-F016-5B32-AF69-594B30C18C6D', '9CA6F639-40C0-B397-C382-9AC90FD40A9D', 'C9D1B206-2758-8990-5251-8C601C5B0FDD', 'C户信息维护授权', 'cust_account_power', '0', '1');
INSERT INTO `t_module_func` VALUES ('EF957859-7712-DDC2-232E-6B4DEF786D54', '9CA6F639-40C0-B397-C382-9AC90FD40A9D', 'F2065952-E411-6170-C871-F445BA022707', '会计科目编辑授权', 'acc_dic_account_item_power', '0', '1');

-- ----------------------------
-- Table structure for t_online_user
-- ----------------------------
DROP TABLE IF EXISTS `t_online_user`;
CREATE TABLE `t_online_user` (
  `id` char(36) NOT NULL,
  `userid` char(36) NOT NULL,
  `appid` char(36) NOT NULL,
  `last_active_time` char(19) NOT NULL,
  `last_login_ip` varchar(255) NOT NULL,
  PRIMARY KEY (`id`),
  KEY `userid_cons_41` (`last_active_time`,`userid`) USING HASH,
  KEY `appid_cons_411` (`last_active_time`,`appid`,`userid`)
) ENGINE=MEMORY DEFAULT CHARSET=utf8mb4;

-- ----------------------------
-- Records of t_online_user
-- ----------------------------

-- ----------------------------
-- Table structure for t_role
-- ----------------------------
DROP TABLE IF EXISTS `t_role`;
CREATE TABLE `t_role` (
  `id` char(36) NOT NULL,
  `appid` char(36) NOT NULL,
  `name` varchar(255) NOT NULL,
  `levels` int(11) NOT NULL,
  `sort` int(11) NOT NULL,
  PRIMARY KEY (`id`),
  KEY `appid_cons_331` (`appid`),
  CONSTRAINT `t_role_ibfk_1` FOREIGN KEY (`appid`) REFERENCES `t_application` (`id`)
) ENGINE=InnoDB DEFAULT CHARSET=utf8mb4;

-- ----------------------------
-- Records of t_role
-- ----------------------------
INSERT INTO `t_role` VALUES ('00F764B2-1D7A-1F6C-54C7-116E7888A622', 'EC817B38-2B85-11E6-94AB-B888E3759F7F', '维护员', '2', '2');
INSERT INTO `t_role` VALUES ('1A0CE3E1-A830-5EB8-7FA3-5AB2D72577AA', '9CA6F639-40C0-B397-C382-9AC90FD40A9D', '系统维护员', '2', '2');
INSERT INTO `t_role` VALUES ('1D1D7F4F-211A-0316-DF96-10EE5DB08B3B', '9CA6F639-40C0-B397-C382-9AC90FD40A9D', '批量作业操作员', '2', '0');
INSERT INTO `t_role` VALUES ('266C879B-D058-B971-9A89-7BD1BA83D807', '9CA6F639-40C0-B397-C382-9AC90FD40A9D', 'B类客户财务', '5', '6');
INSERT INTO `t_role` VALUES ('353BC10F-9B0C-10E6-518E-5C24E6EF2E6F', '9CA6F639-40C0-B397-C382-9AC90FD40A9D', 'B类客户管理员', '4', '5');
INSERT INTO `t_role` VALUES ('3BC5F956-772D-99A9-D86A-34FE93A1EC6D', '9CA6F639-40C0-B397-C382-9AC90FD40A9D', '财务', '3', '3');
INSERT INTO `t_role` VALUES ('48AA8369-EAFC-16EE-ED50-5F799BD49B3A', '9CA6F639-40C0-B397-C382-9AC90FD40A9D', '客服', '3', '4');
INSERT INTO `t_role` VALUES ('49AE4AA0-F0F7-9FE8-4A66-14057CEF314A', '9CA6F639-40C0-B397-C382-9AC90FD40A9D', 'C类客户', '6', '7');
INSERT INTO `t_role` VALUES ('AF02C50F-55E4-AAE7-F12D-24F13BFEAD92', 'EC817B38-2B85-11E6-94AB-B888E3759F7F', '管理员', '1', '1');
INSERT INTO `t_role` VALUES ('E0028EEE-EC26-50F9-451E-344118D684BA', '9CA6F639-40C0-B397-C382-9AC90FD40A9D', '总授权审核员', '2', '1');
INSERT INTO `t_role` VALUES ('E7C1C8D7-178F-2DBC-C306-468BA992C49C', '9CA6F639-40C0-B397-C382-9AC90FD40A9D', 'B户注册审核员', '2', '2');
INSERT INTO `t_role` VALUES ('ECA46FD5-2B85-11E6-94AB-B888E3759F7F', 'EC817B38-2B85-11E6-94AB-B888E3759F7F', '超级管理员', '0', '0');

-- ----------------------------
-- Table structure for t_role_menu_set
-- ----------------------------
DROP TABLE IF EXISTS `t_role_menu_set`;
CREATE TABLE `t_role_menu_set` (
  `id` char(36) NOT NULL,
  `roleid` char(36) NOT NULL,
  `menuid` char(36) NOT NULL,
  PRIMARY KEY (`id`),
  KEY `menuid_cons_342` (`menuid`),
  KEY `roleid_cons_342` (`roleid`),
  CONSTRAINT `t_role_menu_set_ibfk_1` FOREIGN KEY (`menuid`) REFERENCES `t_menu` (`id`),
  CONSTRAINT `t_role_menu_set_ibfk_2` FOREIGN KEY (`roleid`) REFERENCES `t_role` (`id`)
) ENGINE=InnoDB DEFAULT CHARSET=utf8mb4;

-- ----------------------------
-- Records of t_role_menu_set
-- ----------------------------
INSERT INTO `t_role_menu_set` VALUES ('01818FE3-D62D-772A-B0F9-7C8111D7504B', '1A0CE3E1-A830-5EB8-7FA3-5AB2D72577AA', '3AC08EF6-3A3E-C6D2-4D58-56F0D339A7B8');
INSERT INTO `t_role_menu_set` VALUES ('01BD6B62-95D3-79DE-B4F3-B2F8B510AD31', 'E0028EEE-EC26-50F9-451E-344118D684BA', 'AA7321D8-CB7E-E536-58B3-4F80B9842A68');
INSERT INTO `t_role_menu_set` VALUES ('01E9BD0E-CBF8-591C-61D1-F04A409D7C13', 'E0028EEE-EC26-50F9-451E-344118D684BA', '8B489A39-740D-4F38-D387-61D349B12497');
INSERT INTO `t_role_menu_set` VALUES ('020FDB10-E615-4456-F28E-D8B017B7AF5C', 'E7C1C8D7-178F-2DBC-C306-468BA992C49C', '7A7D81BD-DC40-8DF2-94FA-9015CB82928C');
INSERT INTO `t_role_menu_set` VALUES ('030A3212-2185-967D-FF5A-30B7FCF19126', '1A0CE3E1-A830-5EB8-7FA3-5AB2D72577AA', '62A6501F-4680-D1BC-9E07-254173AD8BD4');
INSERT INTO `t_role_menu_set` VALUES ('03C390B7-71BB-87D8-333A-2B37A58ED821', '1A0CE3E1-A830-5EB8-7FA3-5AB2D72577AA', '725B94FE-2B2B-CEB8-FA9E-E61C75A87255');
INSERT INTO `t_role_menu_set` VALUES ('03FBF4C9-6095-C78A-E476-5FBB14AFABF4', '1D1D7F4F-211A-0316-DF96-10EE5DB08B3B', '694B5E41-18B3-BE0C-B839-AA4868FC6AD3');
INSERT INTO `t_role_menu_set` VALUES ('04378A70-0FD9-408D-A99B-C8EC8152D36E', '48AA8369-EAFC-16EE-ED50-5F799BD49B3A', '1CE230FA-8E07-E619-79DF-0A15268B8058');
INSERT INTO `t_role_menu_set` VALUES ('08094311-ACB0-B13B-08F7-C4E96372362D', '1A0CE3E1-A830-5EB8-7FA3-5AB2D72577AA', '158E2527-9585-7C75-23EB-A2CC5A5A194B');
INSERT INTO `t_role_menu_set` VALUES ('091F359F-87EE-6F22-7F95-992F00839A84', '1D1D7F4F-211A-0316-DF96-10EE5DB08B3B', '23E15A3E-3A71-B820-9B3D-4D0710C13934');
INSERT INTO `t_role_menu_set` VALUES ('09D4F331-6FD2-FB4E-6FB6-EEC0162DA85B', '48AA8369-EAFC-16EE-ED50-5F799BD49B3A', '28E4BCDB-BB9F-6877-C9B4-E5BFB6DB860B');
INSERT INTO `t_role_menu_set` VALUES ('09FCFE8A-FBD5-A951-E3D8-B2A97F7128B4', '1D1D7F4F-211A-0316-DF96-10EE5DB08B3B', '725B94FE-2B2B-CEB8-FA9E-E61C75A87255');
INSERT INTO `t_role_menu_set` VALUES ('0BEC1A62-A68C-F4C7-8E3C-12C61F027339', '48AA8369-EAFC-16EE-ED50-5F799BD49B3A', 'BC21D52F-C19D-804E-5ECC-15BFD4E5284D');
INSERT INTO `t_role_menu_set` VALUES ('0C399231-8256-16CA-C06F-2CE23C476D9A', '1A0CE3E1-A830-5EB8-7FA3-5AB2D72577AA', '8B489A39-740D-4F38-D387-61D349B12497');
INSERT INTO `t_role_menu_set` VALUES ('0D890B20-5675-B9B3-0162-291DAB119EAA', '3BC5F956-772D-99A9-D86A-34FE93A1EC6D', '57DCED12-4EAA-2B0C-E63A-58D169F88A04');
INSERT INTO `t_role_menu_set` VALUES ('0F7BE642-2908-FC64-33F5-14D69CA1CFCD', 'E0028EEE-EC26-50F9-451E-344118D684BA', '0DB7FD1E-28E6-90F3-5618-6F004D6AAB3B');
INSERT INTO `t_role_menu_set` VALUES ('10C4C406-2195-1AD1-48E3-2C195B0414AD', 'E0028EEE-EC26-50F9-451E-344118D684BA', '3220C252-E10C-55E5-BA8C-26A9EC89AD0A');
INSERT INTO `t_role_menu_set` VALUES ('113FCB11-1C47-995F-D921-943A27E67AAC', 'E7C1C8D7-178F-2DBC-C306-468BA992C49C', 'AC6C7E8D-3FB4-B7A2-13E8-E631456DBEF0');
INSERT INTO `t_role_menu_set` VALUES ('125BD7AF-F51B-0999-5463-98752055B93E', '48AA8369-EAFC-16EE-ED50-5F799BD49B3A', '725B94FE-2B2B-CEB8-FA9E-E61C75A87255');
INSERT INTO `t_role_menu_set` VALUES ('12F9BAD3-C927-BEF3-FD26-34BB7218EC6B', '1A0CE3E1-A830-5EB8-7FA3-5AB2D72577AA', '28E4BCDB-BB9F-6877-C9B4-E5BFB6DB860B');
INSERT INTO `t_role_menu_set` VALUES ('1595AAC8-B90E-806C-092B-B35FF766030F', '1D1D7F4F-211A-0316-DF96-10EE5DB08B3B', '67EA283E-7B08-0389-CA76-125F7A45A4A9');
INSERT INTO `t_role_menu_set` VALUES ('161C3CD1-4634-8B55-F886-A813C1CD70B9', '1D1D7F4F-211A-0316-DF96-10EE5DB08B3B', '20A35A80-8525-8B93-6AE0-8404177A4FA9');
INSERT INTO `t_role_menu_set` VALUES ('163CF315-123A-E4D3-4BC3-8D5DBF551E94', 'E0028EEE-EC26-50F9-451E-344118D684BA', '7A7D81BD-DC40-8DF2-94FA-9015CB82928C');
INSERT INTO `t_role_menu_set` VALUES ('172B80AA-067D-B031-7CA6-340758B98D2F', '1D1D7F4F-211A-0316-DF96-10EE5DB08B3B', '08BA8557-47DD-0B48-ADA5-D7399F1D2A46');
INSERT INTO `t_role_menu_set` VALUES ('177301E9-B5AE-A7E3-6467-23F924803904', '48AA8369-EAFC-16EE-ED50-5F799BD49B3A', '881C965F-1CDD-4E3F-CE8B-2C4C6EC721DD');
INSERT INTO `t_role_menu_set` VALUES ('1A05DF16-243D-0B7B-43CE-CD6F21E928E7', '3BC5F956-772D-99A9-D86A-34FE93A1EC6D', '54057424-DE81-51C9-FE6F-587D4370A54B');
INSERT INTO `t_role_menu_set` VALUES ('1BBAB0E1-B0CC-C656-E131-737CD020DA55', '3BC5F956-772D-99A9-D86A-34FE93A1EC6D', '44A9D803-E106-11E9-AAD7-84DB4989C85C');
INSERT INTO `t_role_menu_set` VALUES ('1CA2C4D5-4C81-D9FA-D12B-C51C5DFC179D', 'E7C1C8D7-178F-2DBC-C306-468BA992C49C', 'D86BA35E-B34D-A940-7A51-E1B0F58EEFB5');
INSERT INTO `t_role_menu_set` VALUES ('1D8C6565-8E61-2C58-B06B-ECED0062F94C', 'E7C1C8D7-178F-2DBC-C306-468BA992C49C', '8EF9E385-D381-19C5-8090-B25D0B8AED3B');
INSERT INTO `t_role_menu_set` VALUES ('1D93EC91-1815-578B-1161-C11C7295F4CC', '48AA8369-EAFC-16EE-ED50-5F799BD49B3A', '8EF9E385-D381-19C5-8090-B25D0B8AED3B');
INSERT INTO `t_role_menu_set` VALUES ('1EDDB1CA-4B1A-DA5F-2B2A-BFBAE22F6C47', '1D1D7F4F-211A-0316-DF96-10EE5DB08B3B', '6E78364C-3313-1FEA-AD1D-9F5F89C336FF');
INSERT INTO `t_role_menu_set` VALUES ('1F29572D-15AA-CFBE-1FF4-332583A6D672', '1A0CE3E1-A830-5EB8-7FA3-5AB2D72577AA', 'EA447E6A-E223-7377-78DC-2D7D45502646');
INSERT INTO `t_role_menu_set` VALUES ('1FB58945-2756-B7E9-431B-8CDAC2BE3822', '3BC5F956-772D-99A9-D86A-34FE93A1EC6D', '75AF02D7-E244-2EA2-7A42-FDD8FA51976D');
INSERT INTO `t_role_menu_set` VALUES ('20C557B8-DD4C-F5B6-C1ED-81E0D848505C', '48AA8369-EAFC-16EE-ED50-5F799BD49B3A', 'A2A4C78B-A3FD-0C9B-DDF2-E041D3AAA77E');
INSERT INTO `t_role_menu_set` VALUES ('218E932F-74CB-00EA-D0A1-899CB2976092', '48AA8369-EAFC-16EE-ED50-5F799BD49B3A', '3220C252-E10C-55E5-BA8C-26A9EC89AD0A');
INSERT INTO `t_role_menu_set` VALUES ('21A4EF08-8492-FFD3-D2D5-424DAB822A55', '3BC5F956-772D-99A9-D86A-34FE93A1EC6D', '67EA283E-7B08-0389-CA76-125F7A45A4A9');
INSERT INTO `t_role_menu_set` VALUES ('21C4EF71-81CF-98E1-634B-FF830AF181D1', 'E7C1C8D7-178F-2DBC-C306-468BA992C49C', '0DB7FD1E-28E6-90F3-5618-6F004D6AAB3B');
INSERT INTO `t_role_menu_set` VALUES ('235B5A60-5823-A398-0EC0-1091D3B3F2F8', '3BC5F956-772D-99A9-D86A-34FE93A1EC6D', '23E15A3E-3A71-B820-9B3D-4D0710C13934');
INSERT INTO `t_role_menu_set` VALUES ('23BF8B23-78C7-81D7-C9BC-9FFA0DAB9B2B', '48AA8369-EAFC-16EE-ED50-5F799BD49B3A', 'D25D8F20-EEA5-FCC0-8DC7-D499FFEE91ED');
INSERT INTO `t_role_menu_set` VALUES ('247C9892-DB47-1DA6-D2E3-2EC936B90027', '1A0CE3E1-A830-5EB8-7FA3-5AB2D72577AA', '4CC6FBF6-AD36-3ABF-9E0E-C1D46648A416');
INSERT INTO `t_role_menu_set` VALUES ('247CBE07-10A6-3C4C-229C-241B20C813E7', '1A0CE3E1-A830-5EB8-7FA3-5AB2D72577AA', '09ADCEEC-B999-29A6-A1DE-71BAF39BA834');
INSERT INTO `t_role_menu_set` VALUES ('284F8D6B-D8BE-6E4B-E109-B39508DB4702', '1A0CE3E1-A830-5EB8-7FA3-5AB2D72577AA', '08BA8557-47DD-0B48-ADA5-D7399F1D2A46');
INSERT INTO `t_role_menu_set` VALUES ('28A33B17-EA13-D972-B7E4-5300E0363295', '1D1D7F4F-211A-0316-DF96-10EE5DB08B3B', '0DB7FD1E-28E6-90F3-5618-6F004D6AAB3B');
INSERT INTO `t_role_menu_set` VALUES ('2943DAD7-02C3-C16B-2507-320D62C0AB4F', '48AA8369-EAFC-16EE-ED50-5F799BD49B3A', 'D86BA35E-B34D-A940-7A51-E1B0F58EEFB5');
INSERT INTO `t_role_menu_set` VALUES ('2A500360-A166-8ADA-B80F-D1CD308ED6A5', 'E0028EEE-EC26-50F9-451E-344118D684BA', '0EC5E601-9846-BB0A-6A6C-BA501B7B8336');
INSERT INTO `t_role_menu_set` VALUES ('2A942ECD-CEC3-0D9F-412A-C6C78CBAB2C9', 'E7C1C8D7-178F-2DBC-C306-468BA992C49C', '3A74CD71-E0A9-BFE4-5948-30E32E699C66');
INSERT INTO `t_role_menu_set` VALUES ('2B1246B7-9771-DBB1-2F9C-8026193014C4', '48AA8369-EAFC-16EE-ED50-5F799BD49B3A', 'F45DBA98-4628-3588-4AFA-8CC5AB65A4D6');
INSERT INTO `t_role_menu_set` VALUES ('2B289FFC-822D-FCC9-FA57-37E6BF913BEC', 'E7C1C8D7-178F-2DBC-C306-468BA992C49C', '0EC5E601-9846-BB0A-6A6C-BA501B7B8336');
INSERT INTO `t_role_menu_set` VALUES ('2C483907-0EDB-A5D2-81EE-DBD8D6A6D4FF', 'E0028EEE-EC26-50F9-451E-344118D684BA', '158E2527-9585-7C75-23EB-A2CC5A5A194B');
INSERT INTO `t_role_menu_set` VALUES ('2CA4767F-8507-2DB8-181C-D4E96D6CE88D', '3BC5F956-772D-99A9-D86A-34FE93A1EC6D', '158E2527-9585-7C75-23EB-A2CC5A5A194B');
INSERT INTO `t_role_menu_set` VALUES ('2CF0107C-370B-8CA0-559F-2BFBBC0D588C', '3BC5F956-772D-99A9-D86A-34FE93A1EC6D', '07E26244-3499-BE3B-EA16-7B179FF89696');
INSERT INTO `t_role_menu_set` VALUES ('2DC65E74-7764-B37A-CE52-69AD8378FB17', '3BC5F956-772D-99A9-D86A-34FE93A1EC6D', '364E50A9-6BB8-40C7-CF54-396947A70E50');
INSERT INTO `t_role_menu_set` VALUES ('2EDE835A-8D80-AB79-EBA0-2D6D736E5B16', '1A0CE3E1-A830-5EB8-7FA3-5AB2D72577AA', '241788F9-9CE0-BD2D-C589-3777E3075070');
INSERT INTO `t_role_menu_set` VALUES ('3068B1D4-5E08-F2C6-B99A-14E89B33B280', 'E7C1C8D7-178F-2DBC-C306-468BA992C49C', '94B9C7E9-FC9A-E691-C384-B7CD4C8DA41B');
INSERT INTO `t_role_menu_set` VALUES ('339ABEE2-65D3-DD4D-D1F6-709EE8A7DC21', '1A0CE3E1-A830-5EB8-7FA3-5AB2D72577AA', '3D270546-3387-9E6A-0189-D3F9EF780956');
INSERT INTO `t_role_menu_set` VALUES ('35899BD6-31CF-5B7C-CFD8-9DA19E7A195F', 'AF02C50F-55E4-AAE7-F12D-24F13BFEAD92', 'ECDF5C74-2B85-11E6-94AB-B888E3759F7F');
INSERT INTO `t_role_menu_set` VALUES ('36D7CBDC-C622-EDD0-29C6-CC9545A081C6', '1D1D7F4F-211A-0316-DF96-10EE5DB08B3B', '8FB80DAC-2DAF-4599-CA2C-0B5884A2C2B8');
INSERT INTO `t_role_menu_set` VALUES ('3726ED89-9017-6ABB-6043-BA23BF7EEC01', 'E7C1C8D7-178F-2DBC-C306-468BA992C49C', '3220C252-E10C-55E5-BA8C-26A9EC89AD0A');
INSERT INTO `t_role_menu_set` VALUES ('37E1486C-25D2-F4AD-23FC-4796777F688F', '48AA8369-EAFC-16EE-ED50-5F799BD49B3A', '9F75F8E0-9A1C-5626-AD48-F328F8EDEAB7');
INSERT INTO `t_role_menu_set` VALUES ('380AD26F-C2E3-8775-9DC5-F0200952C9B1', 'E7C1C8D7-178F-2DBC-C306-468BA992C49C', '34E8B580-5E56-025E-242D-50FB6CBC9566');
INSERT INTO `t_role_menu_set` VALUES ('384ECFE7-1C05-D065-8DAE-A37062835D6C', 'E0028EEE-EC26-50F9-451E-344118D684BA', '23E15A3E-3A71-B820-9B3D-4D0710C13934');
INSERT INTO `t_role_menu_set` VALUES ('3B3D7CA7-4B06-5DA1-4E72-880E9DE4D896', '1A0CE3E1-A830-5EB8-7FA3-5AB2D72577AA', 'D86BA35E-B34D-A940-7A51-E1B0F58EEFB5');
INSERT INTO `t_role_menu_set` VALUES ('3E6BC68B-B8EF-70BF-A265-6009BBD673BB', 'E7C1C8D7-178F-2DBC-C306-468BA992C49C', '54057424-DE81-51C9-FE6F-587D4370A54B');
INSERT INTO `t_role_menu_set` VALUES ('3F4FC7EC-6146-0D83-A648-D4130611B87D', '48AA8369-EAFC-16EE-ED50-5F799BD49B3A', '67EA283E-7B08-0389-CA76-125F7A45A4A9');
INSERT INTO `t_role_menu_set` VALUES ('41499A1A-92CA-49D5-075A-CF69D2C683B2', '48AA8369-EAFC-16EE-ED50-5F799BD49B3A', '364E50A9-6BB8-40C7-CF54-396947A70E50');
INSERT INTO `t_role_menu_set` VALUES ('424407C4-83C4-C8A8-4327-30117949E2F2', '3BC5F956-772D-99A9-D86A-34FE93A1EC6D', '70C0D134-B248-FA7D-2FE1-4095DCA94D93');
INSERT INTO `t_role_menu_set` VALUES ('425A423E-877A-16D1-4432-BCD7A9FC1678', '3BC5F956-772D-99A9-D86A-34FE93A1EC6D', '8B489A39-740D-4F38-D387-61D349B12497');
INSERT INTO `t_role_menu_set` VALUES ('42BC43F5-ED7C-9F77-0007-F2D783378983', 'E7C1C8D7-178F-2DBC-C306-468BA992C49C', '09CDEE4C-0F18-0B26-1209-55CD55572387');
INSERT INTO `t_role_menu_set` VALUES ('436CEB63-22C5-FD90-1DBE-F9B8849D63A2', 'E0028EEE-EC26-50F9-451E-344118D684BA', 'F45DBA98-4628-3588-4AFA-8CC5AB65A4D6');
INSERT INTO `t_role_menu_set` VALUES ('43A5168D-9972-C17C-7F02-2205CB838321', '3BC5F956-772D-99A9-D86A-34FE93A1EC6D', '6E78364C-3313-1FEA-AD1D-9F5F89C336FF');
INSERT INTO `t_role_menu_set` VALUES ('44F5B434-EE7D-0ADE-AEC4-85C50E4AD7E3', '3BC5F956-772D-99A9-D86A-34FE93A1EC6D', '4CC6FBF6-AD36-3ABF-9E0E-C1D46648A416');
INSERT INTO `t_role_menu_set` VALUES ('45B5EBAE-8E52-45E9-D5CE-550327007442', '1D1D7F4F-211A-0316-DF96-10EE5DB08B3B', '4CC6FBF6-AD36-3ABF-9E0E-C1D46648A416');
INSERT INTO `t_role_menu_set` VALUES ('467B6906-5D39-F987-DBA3-37AB980AA8FC', 'E7C1C8D7-178F-2DBC-C306-468BA992C49C', '44A9D803-E106-11E9-AAD7-84DB4989C85C');
INSERT INTO `t_role_menu_set` VALUES ('470EC427-393C-9779-876E-4B475A4917DF', 'E7C1C8D7-178F-2DBC-C306-468BA992C49C', '694B5E41-18B3-BE0C-B839-AA4868FC6AD3');
INSERT INTO `t_role_menu_set` VALUES ('473629F4-21D8-811D-7F3D-829A390DC610', '1D1D7F4F-211A-0316-DF96-10EE5DB08B3B', '3D270546-3387-9E6A-0189-D3F9EF780956');
INSERT INTO `t_role_menu_set` VALUES ('4749803E-8B65-16DD-6B3A-73BD8676D5A9', '48AA8369-EAFC-16EE-ED50-5F799BD49B3A', '8B489A39-740D-4F38-D387-61D349B12497');
INSERT INTO `t_role_menu_set` VALUES ('4B9FC994-5C47-2F47-64F2-F83BAB52AA97', 'E7C1C8D7-178F-2DBC-C306-468BA992C49C', '8FB80DAC-2DAF-4599-CA2C-0B5884A2C2B8');
INSERT INTO `t_role_menu_set` VALUES ('4BCF6F09-0C50-C285-A14D-63442C4EFD85', 'E0028EEE-EC26-50F9-451E-344118D684BA', '90783B66-0DA5-68F0-CE89-DBD1355C9FD6');
INSERT INTO `t_role_menu_set` VALUES ('4C30F1BF-7C93-43D6-612B-56F676698980', '1A0CE3E1-A830-5EB8-7FA3-5AB2D72577AA', 'AA7321D8-CB7E-E536-58B3-4F80B9842A68');
INSERT INTO `t_role_menu_set` VALUES ('4C312F5B-5C84-8C68-6143-B987392F977D', '1A0CE3E1-A830-5EB8-7FA3-5AB2D72577AA', '364E50A9-6BB8-40C7-CF54-396947A70E50');
INSERT INTO `t_role_menu_set` VALUES ('4D8B5A99-62D8-BC70-D734-2B9C2BE83135', 'E0028EEE-EC26-50F9-451E-344118D684BA', '09ADCEEC-B999-29A6-A1DE-71BAF39BA834');
INSERT INTO `t_role_menu_set` VALUES ('4F141138-DE79-6A5C-57DC-AA3976D29C81', '48AA8369-EAFC-16EE-ED50-5F799BD49B3A', '3A74CD71-E0A9-BFE4-5948-30E32E699C66');
INSERT INTO `t_role_menu_set` VALUES ('51317B2C-6863-0E12-3526-E83606AED7E4', '3BC5F956-772D-99A9-D86A-34FE93A1EC6D', '3D270546-3387-9E6A-0189-D3F9EF780956');
INSERT INTO `t_role_menu_set` VALUES ('51A05974-39D7-F3FF-327A-9958F3C228BB', '3BC5F956-772D-99A9-D86A-34FE93A1EC6D', 'A2E3D84F-FDA4-AB3E-07BC-F9427CE215FF');
INSERT INTO `t_role_menu_set` VALUES ('53D5654C-17C6-F975-5D2B-D44F56F78840', '3BC5F956-772D-99A9-D86A-34FE93A1EC6D', '08BA8557-47DD-0B48-ADA5-D7399F1D2A46');
INSERT INTO `t_role_menu_set` VALUES ('53E806AE-8B18-4A1F-9FF0-46598D37E614', '3BC5F956-772D-99A9-D86A-34FE93A1EC6D', 'D25D8F20-EEA5-FCC0-8DC7-D499FFEE91ED');
INSERT INTO `t_role_menu_set` VALUES ('54A6F1CD-199D-E520-D1CB-047CC17C86E0', 'E7C1C8D7-178F-2DBC-C306-468BA992C49C', '75AF02D7-E244-2EA2-7A42-FDD8FA51976D');
INSERT INTO `t_role_menu_set` VALUES ('5551CB0A-A849-3F26-8A7B-B172B360B832', '1D1D7F4F-211A-0316-DF96-10EE5DB08B3B', '3220C252-E10C-55E5-BA8C-26A9EC89AD0A');
INSERT INTO `t_role_menu_set` VALUES ('56330FA9-7F41-54B9-B50A-45052DAFB97C', '1D1D7F4F-211A-0316-DF96-10EE5DB08B3B', '881C965F-1CDD-4E3F-CE8B-2C4C6EC721DD');
INSERT INTO `t_role_menu_set` VALUES ('5698366A-F189-E309-8F59-79AADD6B522B', 'E7C1C8D7-178F-2DBC-C306-468BA992C49C', 'A2A4C78B-A3FD-0C9B-DDF2-E041D3AAA77E');
INSERT INTO `t_role_menu_set` VALUES ('5714799C-DB32-33A5-9E25-47D07D21787B', '1D1D7F4F-211A-0316-DF96-10EE5DB08B3B', '95F8CAA3-F7DD-507E-4C4D-DC8BE12495EE');
INSERT INTO `t_role_menu_set` VALUES ('57D2DB8A-DE87-F665-F6CD-DF5B6D1738AF', 'E0028EEE-EC26-50F9-451E-344118D684BA', '4CC6FBF6-AD36-3ABF-9E0E-C1D46648A416');
INSERT INTO `t_role_menu_set` VALUES ('58AADA58-C31D-A11D-C40B-219D1F5AE537', '48AA8369-EAFC-16EE-ED50-5F799BD49B3A', '7A7D81BD-DC40-8DF2-94FA-9015CB82928C');
INSERT INTO `t_role_menu_set` VALUES ('59014E8A-753A-AB64-56AC-582DD11A767A', '3BC5F956-772D-99A9-D86A-34FE93A1EC6D', '8FB80DAC-2DAF-4599-CA2C-0B5884A2C2B8');
INSERT INTO `t_role_menu_set` VALUES ('592D8C7C-49B0-AAE8-A50A-4ACD9AA2F0FB', '1A0CE3E1-A830-5EB8-7FA3-5AB2D72577AA', '75AF02D7-E244-2EA2-7A42-FDD8FA51976D');
INSERT INTO `t_role_menu_set` VALUES ('5BE8DC46-CCA9-3EE0-87B9-F36768EC0C09', 'E7C1C8D7-178F-2DBC-C306-468BA992C49C', 'F45DBA98-4628-3588-4AFA-8CC5AB65A4D6');
INSERT INTO `t_role_menu_set` VALUES ('5C6D443C-2299-F699-1B08-F1C8C1EC01C8', '48AA8369-EAFC-16EE-ED50-5F799BD49B3A', '8FB80DAC-2DAF-4599-CA2C-0B5884A2C2B8');
INSERT INTO `t_role_menu_set` VALUES ('5EB646A3-403F-518C-7C56-2EEE2B753BD8', 'E0028EEE-EC26-50F9-451E-344118D684BA', '44A9D803-E106-11E9-AAD7-84DB4989C85C');
INSERT INTO `t_role_menu_set` VALUES ('5EF24C24-F5A2-95E0-1626-D0AD3D879EDE', 'E7C1C8D7-178F-2DBC-C306-468BA992C49C', 'AA7321D8-CB7E-E536-58B3-4F80B9842A68');
INSERT INTO `t_role_menu_set` VALUES ('5F96F28E-023D-0825-30B1-1566292F5CBC', 'E0028EEE-EC26-50F9-451E-344118D684BA', '07D5A17B-A0C2-33C2-F7CD-81B5F8A25930');
INSERT INTO `t_role_menu_set` VALUES ('5FBA5B9E-A2CE-CB24-4821-70624C40F82D', '1A0CE3E1-A830-5EB8-7FA3-5AB2D72577AA', '694B5E41-18B3-BE0C-B839-AA4868FC6AD3');
INSERT INTO `t_role_menu_set` VALUES ('6019DAFA-D553-DD03-2EE9-B2E3654A19F3', 'E0028EEE-EC26-50F9-451E-344118D684BA', 'AC6C7E8D-3FB4-B7A2-13E8-E631456DBEF0');
INSERT INTO `t_role_menu_set` VALUES ('61BA90BB-5AC7-9BA8-9B8C-C3245B8D9001', '1A0CE3E1-A830-5EB8-7FA3-5AB2D72577AA', '34E8B580-5E56-025E-242D-50FB6CBC9566');
INSERT INTO `t_role_menu_set` VALUES ('61C0EAFF-EA55-0FEB-E082-22B3306CCB37', '1D1D7F4F-211A-0316-DF96-10EE5DB08B3B', '09CDEE4C-0F18-0B26-1209-55CD55572387');
INSERT INTO `t_role_menu_set` VALUES ('62AFA12D-DB67-CA0A-1264-E26040276C5B', 'E7C1C8D7-178F-2DBC-C306-468BA992C49C', '45CF4E93-5AE2-8502-CAEF-8376B4FA0BF5');
INSERT INTO `t_role_menu_set` VALUES ('63105A98-C628-0E03-3B05-1A69C8D0AAAE', '48AA8369-EAFC-16EE-ED50-5F799BD49B3A', '90783B66-0DA5-68F0-CE89-DBD1355C9FD6');
INSERT INTO `t_role_menu_set` VALUES ('63600705-85E4-E745-A2A7-73861C52D3B5', '1D1D7F4F-211A-0316-DF96-10EE5DB08B3B', '8EF9E385-D381-19C5-8090-B25D0B8AED3B');
INSERT INTO `t_role_menu_set` VALUES ('651CFD70-D0B4-66C9-FB14-A14331A0059E', '1A0CE3E1-A830-5EB8-7FA3-5AB2D72577AA', 'F45DBA98-4628-3588-4AFA-8CC5AB65A4D6');
INSERT INTO `t_role_menu_set` VALUES ('66672916-B017-ED97-B0C7-796F6B74DBF5', '3BC5F956-772D-99A9-D86A-34FE93A1EC6D', '94B9C7E9-FC9A-E691-C384-B7CD4C8DA41B');
INSERT INTO `t_role_menu_set` VALUES ('66A5EC0B-303F-A917-DB32-51893140CC9F', '48AA8369-EAFC-16EE-ED50-5F799BD49B3A', '20A35A80-8525-8B93-6AE0-8404177A4FA9');
INSERT INTO `t_role_menu_set` VALUES ('66D7E62B-3510-1767-053E-A0E2B9712D60', '48AA8369-EAFC-16EE-ED50-5F799BD49B3A', '09ADCEEC-B999-29A6-A1DE-71BAF39BA834');
INSERT INTO `t_role_menu_set` VALUES ('680748E8-F056-C844-D708-0B434A20DD9A', '3BC5F956-772D-99A9-D86A-34FE93A1EC6D', '39D3C70A-BB27-3BB4-EDBD-AF3FC3636C24');
INSERT INTO `t_role_menu_set` VALUES ('6A257CC4-05A4-7949-1309-89C4E5DA4BAC', 'AF02C50F-55E4-AAE7-F12D-24F13BFEAD92', 'ECE5329F-2B85-11E6-94AB-B888E3759F7F');
INSERT INTO `t_role_menu_set` VALUES ('6A6D47CC-CDDD-5982-DF11-3E68A7472FDA', 'E0028EEE-EC26-50F9-451E-344118D684BA', '6E78364C-3313-1FEA-AD1D-9F5F89C336FF');
INSERT INTO `t_role_menu_set` VALUES ('6D57CBFE-228E-8CDA-4DF4-CD738CCA8DAB', 'E7C1C8D7-178F-2DBC-C306-468BA992C49C', '07E26244-3499-BE3B-EA16-7B179FF89696');
INSERT INTO `t_role_menu_set` VALUES ('6E56C793-8E60-AA20-2570-7CFF339A0874', '3BC5F956-772D-99A9-D86A-34FE93A1EC6D', '241788F9-9CE0-BD2D-C589-3777E3075070');
INSERT INTO `t_role_menu_set` VALUES ('6ECE58F8-709E-D67E-F54B-D5484C375BE5', 'E0028EEE-EC26-50F9-451E-344118D684BA', '39D3C70A-BB27-3BB4-EDBD-AF3FC3636C24');
INSERT INTO `t_role_menu_set` VALUES ('6F54F469-D9C1-238D-9CD8-6E4A82E47E5A', '48AA8369-EAFC-16EE-ED50-5F799BD49B3A', '75AF02D7-E244-2EA2-7A42-FDD8FA51976D');
INSERT INTO `t_role_menu_set` VALUES ('6FD40C25-1E1E-333A-866C-E109B5B8DC22', '1A0CE3E1-A830-5EB8-7FA3-5AB2D72577AA', '881C965F-1CDD-4E3F-CE8B-2C4C6EC721DD');
INSERT INTO `t_role_menu_set` VALUES ('6FFCF27A-D328-6834-2C8D-4BBA274F92F5', '1D1D7F4F-211A-0316-DF96-10EE5DB08B3B', 'AA7321D8-CB7E-E536-58B3-4F80B9842A68');
INSERT INTO `t_role_menu_set` VALUES ('70FA1C96-6151-CE87-B1DD-88A25FA52804', '3BC5F956-772D-99A9-D86A-34FE93A1EC6D', '90783B66-0DA5-68F0-CE89-DBD1355C9FD6');
INSERT INTO `t_role_menu_set` VALUES ('712961C2-6748-8A7C-1E42-B37CDC1C6D0C', 'E0028EEE-EC26-50F9-451E-344118D684BA', '725B94FE-2B2B-CEB8-FA9E-E61C75A87255');
INSERT INTO `t_role_menu_set` VALUES ('718DA81A-2A3B-F5E2-A7FD-30D6C1ED9B66', '1D1D7F4F-211A-0316-DF96-10EE5DB08B3B', '94B9C7E9-FC9A-E691-C384-B7CD4C8DA41B');
INSERT INTO `t_role_menu_set` VALUES ('71DED090-0AB6-0DBD-4DF3-0232C5FEEC48', '48AA8369-EAFC-16EE-ED50-5F799BD49B3A', '3D270546-3387-9E6A-0189-D3F9EF780956');
INSERT INTO `t_role_menu_set` VALUES ('723B0C84-8400-07E2-368A-B880315C9FD0', '1A0CE3E1-A830-5EB8-7FA3-5AB2D72577AA', '6E78364C-3313-1FEA-AD1D-9F5F89C336FF');
INSERT INTO `t_role_menu_set` VALUES ('72998CC5-7112-D24E-C59A-A1353298C778', 'E0028EEE-EC26-50F9-451E-344118D684BA', '94B9C7E9-FC9A-E691-C384-B7CD4C8DA41B');
INSERT INTO `t_role_menu_set` VALUES ('72E902DB-0164-062E-D4CF-31804AACD1BB', 'E0028EEE-EC26-50F9-451E-344118D684BA', '95F8CAA3-F7DD-507E-4C4D-DC8BE12495EE');
INSERT INTO `t_role_menu_set` VALUES ('7305653F-79A1-F49C-F952-8E0D879CA5ED', 'E0028EEE-EC26-50F9-451E-344118D684BA', 'C3CE833F-21E5-FBED-0CA7-22C2757BB79A');
INSERT INTO `t_role_menu_set` VALUES ('734C7507-5942-20D3-B32A-EB13BCDACDB5', '3BC5F956-772D-99A9-D86A-34FE93A1EC6D', '8EF9E385-D381-19C5-8090-B25D0B8AED3B');
INSERT INTO `t_role_menu_set` VALUES ('73AF796E-920B-DEF0-F28A-9A60D10E8B03', 'E0028EEE-EC26-50F9-451E-344118D684BA', '8FB80DAC-2DAF-4599-CA2C-0B5884A2C2B8');
INSERT INTO `t_role_menu_set` VALUES ('7439C30C-BC1A-6BF7-5A2F-50DE143E6CFD', '1A0CE3E1-A830-5EB8-7FA3-5AB2D72577AA', '45CF4E93-5AE2-8502-CAEF-8376B4FA0BF5');
INSERT INTO `t_role_menu_set` VALUES ('7461FCD2-F690-F69F-BA6B-FE4F6FB199DA', '1A0CE3E1-A830-5EB8-7FA3-5AB2D72577AA', '07E26244-3499-BE3B-EA16-7B179FF89696');
INSERT INTO `t_role_menu_set` VALUES ('752B1AAD-43B9-6430-7CE1-47C40C1465D4', '1D1D7F4F-211A-0316-DF96-10EE5DB08B3B', 'A2E3D84F-FDA4-AB3E-07BC-F9427CE215FF');
INSERT INTO `t_role_menu_set` VALUES ('77E9DC5A-6382-B42E-5868-233A47D6C808', 'E0028EEE-EC26-50F9-451E-344118D684BA', '8EF9E385-D381-19C5-8090-B25D0B8AED3B');
INSERT INTO `t_role_menu_set` VALUES ('7846106C-D223-E680-B3B0-CF17EFD11D9B', 'E0028EEE-EC26-50F9-451E-344118D684BA', '54057424-DE81-51C9-FE6F-587D4370A54B');
INSERT INTO `t_role_menu_set` VALUES ('785A3CF7-A0E6-BEF5-F235-00164445E95A', '48AA8369-EAFC-16EE-ED50-5F799BD49B3A', '09CDEE4C-0F18-0B26-1209-55CD55572387');
INSERT INTO `t_role_menu_set` VALUES ('7C691F28-9815-698C-969F-CF9D23A17092', 'E0028EEE-EC26-50F9-451E-344118D684BA', '62A6501F-4680-D1BC-9E07-254173AD8BD4');
INSERT INTO `t_role_menu_set` VALUES ('7D0C87A0-FF7B-FDEF-9587-DB3CF9CD03E7', '3BC5F956-772D-99A9-D86A-34FE93A1EC6D', '9F75F8E0-9A1C-5626-AD48-F328F8EDEAB7');
INSERT INTO `t_role_menu_set` VALUES ('7D248514-CDF2-B494-75FA-26C2215D34CD', '1D1D7F4F-211A-0316-DF96-10EE5DB08B3B', 'C3CE833F-21E5-FBED-0CA7-22C2757BB79A');
INSERT INTO `t_role_menu_set` VALUES ('7D29D8C7-5F3D-A4C9-28A0-6A4F293C8336', 'E7C1C8D7-178F-2DBC-C306-468BA992C49C', '07D5A17B-A0C2-33C2-F7CD-81B5F8A25930');
INSERT INTO `t_role_menu_set` VALUES ('7F3590D6-C196-70D1-FD1A-222F51BACD1A', '3BC5F956-772D-99A9-D86A-34FE93A1EC6D', '0DB7FD1E-28E6-90F3-5618-6F004D6AAB3B');
INSERT INTO `t_role_menu_set` VALUES ('7FD01E81-EDBE-B7EC-50E5-52ABE41AB0C1', 'E7C1C8D7-178F-2DBC-C306-468BA992C49C', '241788F9-9CE0-BD2D-C589-3777E3075070');
INSERT INTO `t_role_menu_set` VALUES ('803E4DE1-442A-6009-5BDB-C227A6F84F11', '1D1D7F4F-211A-0316-DF96-10EE5DB08B3B', 'D86BA35E-B34D-A940-7A51-E1B0F58EEFB5');
INSERT INTO `t_role_menu_set` VALUES ('833150E5-7E53-F42F-942A-E75723CB4994', '1A0CE3E1-A830-5EB8-7FA3-5AB2D72577AA', '8FB80DAC-2DAF-4599-CA2C-0B5884A2C2B8');
INSERT INTO `t_role_menu_set` VALUES ('8411AEA0-FEF6-E3DF-63F8-CD21CD62D2A5', '3BC5F956-772D-99A9-D86A-34FE93A1EC6D', '0ED44C55-C6FA-CF86-4663-739395532728');
INSERT INTO `t_role_menu_set` VALUES ('84DBDB40-80BC-E670-4E09-8CFE60D4FCA8', 'E7C1C8D7-178F-2DBC-C306-468BA992C49C', '3AC08EF6-3A3E-C6D2-4D58-56F0D339A7B8');
INSERT INTO `t_role_menu_set` VALUES ('85DB5491-5EB2-9863-BA2E-C7DCE7445BBF', '1A0CE3E1-A830-5EB8-7FA3-5AB2D72577AA', '3220C252-E10C-55E5-BA8C-26A9EC89AD0A');
INSERT INTO `t_role_menu_set` VALUES ('85E419B0-A870-69D1-212A-9536B8446D06', '3BC5F956-772D-99A9-D86A-34FE93A1EC6D', '62A6501F-4680-D1BC-9E07-254173AD8BD4');
INSERT INTO `t_role_menu_set` VALUES ('86CDBD13-5717-D8B5-3FEF-D973F402E1CD', '3BC5F956-772D-99A9-D86A-34FE93A1EC6D', 'A2A4C78B-A3FD-0C9B-DDF2-E041D3AAA77E');
INSERT INTO `t_role_menu_set` VALUES ('87F05FAC-C49F-7D37-7B08-72FA37CD52FD', '1A0CE3E1-A830-5EB8-7FA3-5AB2D72577AA', 'C3CE833F-21E5-FBED-0CA7-22C2757BB79A');
INSERT INTO `t_role_menu_set` VALUES ('8948EB6C-21C7-BD34-C5F1-88B2D05E2F8B', '1A0CE3E1-A830-5EB8-7FA3-5AB2D72577AA', '09CDEE4C-0F18-0B26-1209-55CD55572387');
INSERT INTO `t_role_menu_set` VALUES ('8A19BDC8-F84E-9B96-5342-5246A2889CA6', 'E7C1C8D7-178F-2DBC-C306-468BA992C49C', 'CCC00CBB-F1A9-589E-988E-486251013EC9');
INSERT INTO `t_role_menu_set` VALUES ('8A5F0E1A-3B39-B1A4-0412-30EB3B8ACB23', 'E0028EEE-EC26-50F9-451E-344118D684BA', '28E4BCDB-BB9F-6877-C9B4-E5BFB6DB860B');
INSERT INTO `t_role_menu_set` VALUES ('8AF8F31C-5D2B-73B1-30D1-EEC10BCCA74F', '3BC5F956-772D-99A9-D86A-34FE93A1EC6D', '95F8CAA3-F7DD-507E-4C4D-DC8BE12495EE');
INSERT INTO `t_role_menu_set` VALUES ('8F78B5B1-536E-1385-278B-46B6C96B574C', '1D1D7F4F-211A-0316-DF96-10EE5DB08B3B', '8B489A39-740D-4F38-D387-61D349B12497');
INSERT INTO `t_role_menu_set` VALUES ('8FD9DA4E-F0E8-2E37-A116-BD72E0AA30A7', 'E0028EEE-EC26-50F9-451E-344118D684BA', '45CF4E93-5AE2-8502-CAEF-8376B4FA0BF5');
INSERT INTO `t_role_menu_set` VALUES ('90AB64EA-5F8A-E11C-341E-A71A020E530E', 'E7C1C8D7-178F-2DBC-C306-468BA992C49C', '3D270546-3387-9E6A-0189-D3F9EF780956');
INSERT INTO `t_role_menu_set` VALUES ('91948312-E479-90AE-0735-34C1123D627F', 'E7C1C8D7-178F-2DBC-C306-468BA992C49C', '725B94FE-2B2B-CEB8-FA9E-E61C75A87255');
INSERT INTO `t_role_menu_set` VALUES ('926D6581-67D4-6F2C-170D-6086CCE3E1AF', '1D1D7F4F-211A-0316-DF96-10EE5DB08B3B', '7A7D81BD-DC40-8DF2-94FA-9015CB82928C');
INSERT INTO `t_role_menu_set` VALUES ('92E8E32E-93C0-AA5D-A493-9B6EFD4A520C', '3BC5F956-772D-99A9-D86A-34FE93A1EC6D', 'BC21D52F-C19D-804E-5ECC-15BFD4E5284D');
INSERT INTO `t_role_menu_set` VALUES ('92F79C69-A23F-F255-81CF-88AF2115404B', '48AA8369-EAFC-16EE-ED50-5F799BD49B3A', 'AA7321D8-CB7E-E536-58B3-4F80B9842A68');
INSERT INTO `t_role_menu_set` VALUES ('93BF2C8E-248A-53BB-04D6-338B2D4646C4', '1A0CE3E1-A830-5EB8-7FA3-5AB2D72577AA', '8EF9E385-D381-19C5-8090-B25D0B8AED3B');
INSERT INTO `t_role_menu_set` VALUES ('93CB07A3-0367-C5BC-1079-A4A12C7195FD', 'E7C1C8D7-178F-2DBC-C306-468BA992C49C', '08BA8557-47DD-0B48-ADA5-D7399F1D2A46');
INSERT INTO `t_role_menu_set` VALUES ('9485D551-6FCC-CC99-0DA7-31CE27E50BCE', '1D1D7F4F-211A-0316-DF96-10EE5DB08B3B', '45CF4E93-5AE2-8502-CAEF-8376B4FA0BF5');
INSERT INTO `t_role_menu_set` VALUES ('959FD688-71EB-5EAA-6888-16B2EDC9FAA5', '3BC5F956-772D-99A9-D86A-34FE93A1EC6D', '1CE230FA-8E07-E619-79DF-0A15268B8058');
INSERT INTO `t_role_menu_set` VALUES ('95BCC443-E5CA-B05F-CF4C-B904ADAFFD16', '1A0CE3E1-A830-5EB8-7FA3-5AB2D72577AA', '39D3C70A-BB27-3BB4-EDBD-AF3FC3636C24');
INSERT INTO `t_role_menu_set` VALUES ('9601F824-CB84-E898-2212-A96EFC5E3605', '3BC5F956-772D-99A9-D86A-34FE93A1EC6D', '3AC08EF6-3A3E-C6D2-4D58-56F0D339A7B8');
INSERT INTO `t_role_menu_set` VALUES ('965E2A8D-1A71-59E3-7B25-F802947DFDAE', '48AA8369-EAFC-16EE-ED50-5F799BD49B3A', '23E15A3E-3A71-B820-9B3D-4D0710C13934');
INSERT INTO `t_role_menu_set` VALUES ('96E52A3D-5061-F4F1-FA12-3A54E7BA4ADA', '48AA8369-EAFC-16EE-ED50-5F799BD49B3A', '07D5A17B-A0C2-33C2-F7CD-81B5F8A25930');
INSERT INTO `t_role_menu_set` VALUES ('97FE24C7-9BE5-F5A2-2E5E-654A21FC605B', '1A0CE3E1-A830-5EB8-7FA3-5AB2D72577AA', '20A35A80-8525-8B93-6AE0-8404177A4FA9');
INSERT INTO `t_role_menu_set` VALUES ('9929DFF6-32C9-072D-C002-951B40A9DC66', '1A0CE3E1-A830-5EB8-7FA3-5AB2D72577AA', '1CE230FA-8E07-E619-79DF-0A15268B8058');
INSERT INTO `t_role_menu_set` VALUES ('99F9FDED-7E65-A241-377C-42B25788AA79', '1D1D7F4F-211A-0316-DF96-10EE5DB08B3B', '9F75F8E0-9A1C-5626-AD48-F328F8EDEAB7');
INSERT INTO `t_role_menu_set` VALUES ('9C785B71-3480-89E5-533B-83CCA0F6653E', '1D1D7F4F-211A-0316-DF96-10EE5DB08B3B', '158E2527-9585-7C75-23EB-A2CC5A5A194B');
INSERT INTO `t_role_menu_set` VALUES ('9CF333DC-D6F4-EA3E-83AC-CD20C36DC6DF', '1D1D7F4F-211A-0316-DF96-10EE5DB08B3B', '07E26244-3499-BE3B-EA16-7B179FF89696');
INSERT INTO `t_role_menu_set` VALUES ('9D3792BC-35DC-7BA9-221C-54B272CC5701', '3BC5F956-772D-99A9-D86A-34FE93A1EC6D', '3220C252-E10C-55E5-BA8C-26A9EC89AD0A');
INSERT INTO `t_role_menu_set` VALUES ('9D6CDB3A-D41A-D8E7-D2C8-776A81D3A0ED', '48AA8369-EAFC-16EE-ED50-5F799BD49B3A', '158E2527-9585-7C75-23EB-A2CC5A5A194B');
INSERT INTO `t_role_menu_set` VALUES ('9D78C77E-5FB0-2E28-2A22-33EC3E325E70', '48AA8369-EAFC-16EE-ED50-5F799BD49B3A', '44A9D803-E106-11E9-AAD7-84DB4989C85C');
INSERT INTO `t_role_menu_set` VALUES ('9E649677-E54E-9294-85E9-9CAB9EB539B4', 'AF02C50F-55E4-AAE7-F12D-24F13BFEAD92', 'ECD6F1BA-2B85-11E6-94AB-B888E3759F7F');
INSERT INTO `t_role_menu_set` VALUES ('9EB69CFC-C375-305A-FEB0-E0751B21005B', '3BC5F956-772D-99A9-D86A-34FE93A1EC6D', 'D86BA35E-B34D-A940-7A51-E1B0F58EEFB5');
INSERT INTO `t_role_menu_set` VALUES ('A01464FB-186D-6312-05F0-335AEF59D3B7', '48AA8369-EAFC-16EE-ED50-5F799BD49B3A', '694B5E41-18B3-BE0C-B839-AA4868FC6AD3');
INSERT INTO `t_role_menu_set` VALUES ('A0B1D18A-628A-C84C-0D50-2B1542A44C49', '1A0CE3E1-A830-5EB8-7FA3-5AB2D72577AA', '4A516B69-752F-9F23-89CB-A62A3EA6D471');
INSERT INTO `t_role_menu_set` VALUES ('A3FC0F3E-24DD-8EC5-BC34-AEABC72A579E', '48AA8369-EAFC-16EE-ED50-5F799BD49B3A', '54057424-DE81-51C9-FE6F-587D4370A54B');
INSERT INTO `t_role_menu_set` VALUES ('A8263EF1-929B-5E3E-9494-ACC7591BEBAE', '1A0CE3E1-A830-5EB8-7FA3-5AB2D72577AA', 'E59118FD-12D2-28B9-46D1-50848D3904AE');
INSERT INTO `t_role_menu_set` VALUES ('A932AA8A-AFFE-55F2-388F-43477E6501F9', '1A0CE3E1-A830-5EB8-7FA3-5AB2D72577AA', 'D25D8F20-EEA5-FCC0-8DC7-D499FFEE91ED');
INSERT INTO `t_role_menu_set` VALUES ('ABB6DF68-0D94-68F0-1B8C-DCEE50F3E9A7', '1D1D7F4F-211A-0316-DF96-10EE5DB08B3B', '44A9D803-E106-11E9-AAD7-84DB4989C85C');
INSERT INTO `t_role_menu_set` VALUES ('AC62AC6C-BDA2-1772-879E-555EA8013CE1', 'E0028EEE-EC26-50F9-451E-344118D684BA', '20A35A80-8525-8B93-6AE0-8404177A4FA9');
INSERT INTO `t_role_menu_set` VALUES ('AC959461-9E38-923A-4A54-306697BF5B71', 'E7C1C8D7-178F-2DBC-C306-468BA992C49C', '4CC6FBF6-AD36-3ABF-9E0E-C1D46648A416');
INSERT INTO `t_role_menu_set` VALUES ('AD70B90A-D3BB-AD5F-3FB1-4EC7D42FE61A', 'E0028EEE-EC26-50F9-451E-344118D684BA', '08BA8557-47DD-0B48-ADA5-D7399F1D2A46');
INSERT INTO `t_role_menu_set` VALUES ('AD93B6D5-979D-F49C-B3A2-E202A3CD1451', 'E7C1C8D7-178F-2DBC-C306-468BA992C49C', '09ADCEEC-B999-29A6-A1DE-71BAF39BA834');
INSERT INTO `t_role_menu_set` VALUES ('AE3205FF-FF66-DA42-4619-5DCE06264DF0', '1D1D7F4F-211A-0316-DF96-10EE5DB08B3B', '62A6501F-4680-D1BC-9E07-254173AD8BD4');
INSERT INTO `t_role_menu_set` VALUES ('AEC090CF-FCEE-2A29-02C8-DDB3661C9781', 'E0028EEE-EC26-50F9-451E-344118D684BA', '09CDEE4C-0F18-0B26-1209-55CD55572387');
INSERT INTO `t_role_menu_set` VALUES ('AF3C8379-1778-B38B-C0ED-0BFE208D3F07', '1D1D7F4F-211A-0316-DF96-10EE5DB08B3B', 'A2A4C78B-A3FD-0C9B-DDF2-E041D3AAA77E');
INSERT INTO `t_role_menu_set` VALUES ('B22403FB-FCE0-4A99-6C28-F47B53E9585A', '1A0CE3E1-A830-5EB8-7FA3-5AB2D72577AA', 'A2A4C78B-A3FD-0C9B-DDF2-E041D3AAA77E');
INSERT INTO `t_role_menu_set` VALUES ('B23A10D0-000B-6CB7-728B-D8BFAB508A0E', '1D1D7F4F-211A-0316-DF96-10EE5DB08B3B', 'EA447E6A-E223-7377-78DC-2D7D45502646');
INSERT INTO `t_role_menu_set` VALUES ('B273C64D-EEB0-ECE5-B55C-7C6F0BC11081', '1D1D7F4F-211A-0316-DF96-10EE5DB08B3B', '75AF02D7-E244-2EA2-7A42-FDD8FA51976D');
INSERT INTO `t_role_menu_set` VALUES ('B2F529D5-A970-AE86-8EFC-F64324759EE3', '3BC5F956-772D-99A9-D86A-34FE93A1EC6D', '694B5E41-18B3-BE0C-B839-AA4868FC6AD3');
INSERT INTO `t_role_menu_set` VALUES ('B36B5F67-D6CF-F924-37E3-F3A37232A629', '48AA8369-EAFC-16EE-ED50-5F799BD49B3A', '94B9C7E9-FC9A-E691-C384-B7CD4C8DA41B');
INSERT INTO `t_role_menu_set` VALUES ('B48D3425-8355-3DE6-D742-CF849B08930A', '48AA8369-EAFC-16EE-ED50-5F799BD49B3A', '07E26244-3499-BE3B-EA16-7B179FF89696');
INSERT INTO `t_role_menu_set` VALUES ('B4B2D018-9A0E-9439-5F4F-CC6527F49D33', 'E0028EEE-EC26-50F9-451E-344118D684BA', '241788F9-9CE0-BD2D-C589-3777E3075070');
INSERT INTO `t_role_menu_set` VALUES ('B4D77863-08DA-7543-7AAB-2E2921439C34', '1A0CE3E1-A830-5EB8-7FA3-5AB2D72577AA', '95F8CAA3-F7DD-507E-4C4D-DC8BE12495EE');
INSERT INTO `t_role_menu_set` VALUES ('B5707EA0-A641-A337-14BB-41C2E29BA6B7', '48AA8369-EAFC-16EE-ED50-5F799BD49B3A', '39D3C70A-BB27-3BB4-EDBD-AF3FC3636C24');
INSERT INTO `t_role_menu_set` VALUES ('B621D474-64E9-D247-F71C-D4EA8BDA91C1', '1A0CE3E1-A830-5EB8-7FA3-5AB2D72577AA', '67EA283E-7B08-0389-CA76-125F7A45A4A9');
INSERT INTO `t_role_menu_set` VALUES ('B7EBA7CD-6A74-B047-D887-3934D3615439', '1D1D7F4F-211A-0316-DF96-10EE5DB08B3B', '54057424-DE81-51C9-FE6F-587D4370A54B');
INSERT INTO `t_role_menu_set` VALUES ('B8255406-C302-FD41-365F-BFD262346AD3', '3BC5F956-772D-99A9-D86A-34FE93A1EC6D', 'CCC00CBB-F1A9-589E-988E-486251013EC9');
INSERT INTO `t_role_menu_set` VALUES ('B927F939-25EF-2EA6-4F6C-F2BEBF9F33E6', 'E0028EEE-EC26-50F9-451E-344118D684BA', 'D86BA35E-B34D-A940-7A51-E1B0F58EEFB5');
INSERT INTO `t_role_menu_set` VALUES ('BA2163AB-47D8-99B3-FA92-243AB76023FB', '1D1D7F4F-211A-0316-DF96-10EE5DB08B3B', '39D3C70A-BB27-3BB4-EDBD-AF3FC3636C24');
INSERT INTO `t_role_menu_set` VALUES ('BA308F7A-5A93-A9DE-CF4F-E834033A4AD9', 'E7C1C8D7-178F-2DBC-C306-468BA992C49C', '9F75F8E0-9A1C-5626-AD48-F328F8EDEAB7');
INSERT INTO `t_role_menu_set` VALUES ('BC557C4F-AB52-0AEA-9688-49D8BFBB492C', '00F764B2-1D7A-1F6C-54C7-116E7888A622', 'ECE5329F-2B85-11E6-94AB-B888E3759F7F');
INSERT INTO `t_role_menu_set` VALUES ('BC562E6C-6007-1DD5-196D-2CBAC15D9D00', '48AA8369-EAFC-16EE-ED50-5F799BD49B3A', '6E78364C-3313-1FEA-AD1D-9F5F89C336FF');
INSERT INTO `t_role_menu_set` VALUES ('BC71F10F-66B4-0DD3-BDB3-6AD9310BA6E0', 'E0028EEE-EC26-50F9-451E-344118D684BA', 'EA447E6A-E223-7377-78DC-2D7D45502646');
INSERT INTO `t_role_menu_set` VALUES ('BC9E8171-D358-9D24-079E-3D423A67CE27', '1D1D7F4F-211A-0316-DF96-10EE5DB08B3B', '90783B66-0DA5-68F0-CE89-DBD1355C9FD6');
INSERT INTO `t_role_menu_set` VALUES ('BD1F5092-B678-2458-71B3-D8A187455BD8', 'E7C1C8D7-178F-2DBC-C306-468BA992C49C', '8B489A39-740D-4F38-D387-61D349B12497');
INSERT INTO `t_role_menu_set` VALUES ('BDA06B6B-F237-9465-5398-A46AA5CE2540', 'E0028EEE-EC26-50F9-451E-344118D684BA', 'A2E3D84F-FDA4-AB3E-07BC-F9427CE215FF');
INSERT INTO `t_role_menu_set` VALUES ('BEA07D4D-B0E6-861E-ABDE-4FA976A1A800', '48AA8369-EAFC-16EE-ED50-5F799BD49B3A', '4CC6FBF6-AD36-3ABF-9E0E-C1D46648A416');
INSERT INTO `t_role_menu_set` VALUES ('C00A19D7-6CB0-F799-E6AE-5C753049E3AA', 'E0028EEE-EC26-50F9-451E-344118D684BA', '75AF02D7-E244-2EA2-7A42-FDD8FA51976D');
INSERT INTO `t_role_menu_set` VALUES ('C00B9659-686C-DD37-C877-8CAC466C5D3B', 'E0028EEE-EC26-50F9-451E-344118D684BA', '07E26244-3499-BE3B-EA16-7B179FF89696');
INSERT INTO `t_role_menu_set` VALUES ('C0910BC0-FF40-1238-6FEC-C77CB668E2E4', '48AA8369-EAFC-16EE-ED50-5F799BD49B3A', 'EA447E6A-E223-7377-78DC-2D7D45502646');
INSERT INTO `t_role_menu_set` VALUES ('C11AC3AB-2B55-58C5-BD9D-6CB228CE6351', '1D1D7F4F-211A-0316-DF96-10EE5DB08B3B', '28E4BCDB-BB9F-6877-C9B4-E5BFB6DB860B');
INSERT INTO `t_role_menu_set` VALUES ('C2ECD55C-4D81-6F88-F662-A864DD2106FA', 'E7C1C8D7-178F-2DBC-C306-468BA992C49C', 'A2E3D84F-FDA4-AB3E-07BC-F9427CE215FF');
INSERT INTO `t_role_menu_set` VALUES ('C322FD55-3C48-3E98-5F75-A7D38C45169B', 'E7C1C8D7-178F-2DBC-C306-468BA992C49C', 'C3CE833F-21E5-FBED-0CA7-22C2757BB79A');
INSERT INTO `t_role_menu_set` VALUES ('C6113B5B-AAA1-36D0-8E43-72E2E2C97581', '3BC5F956-772D-99A9-D86A-34FE93A1EC6D', '28E4BCDB-BB9F-6877-C9B4-E5BFB6DB860B');
INSERT INTO `t_role_menu_set` VALUES ('C73728D8-FDD1-823B-0C88-D78B99FF133B', '3BC5F956-772D-99A9-D86A-34FE93A1EC6D', '09ADCEEC-B999-29A6-A1DE-71BAF39BA834');
INSERT INTO `t_role_menu_set` VALUES ('C7C42DB7-6881-B1D3-63B9-FB6D1280F357', '3BC5F956-772D-99A9-D86A-34FE93A1EC6D', '3A74CD71-E0A9-BFE4-5948-30E32E699C66');
INSERT INTO `t_role_menu_set` VALUES ('C85CC44D-9FA2-99FF-D717-5D16C09E2DEC', 'E0028EEE-EC26-50F9-451E-344118D684BA', '9F75F8E0-9A1C-5626-AD48-F328F8EDEAB7');
INSERT INTO `t_role_menu_set` VALUES ('C89656FE-AD8E-26E9-A6DE-F72133827753', '48AA8369-EAFC-16EE-ED50-5F799BD49B3A', '08BA8557-47DD-0B48-ADA5-D7399F1D2A46');
INSERT INTO `t_role_menu_set` VALUES ('C9F635CD-6740-144B-F22C-53406D0FBFB4', 'E7C1C8D7-178F-2DBC-C306-468BA992C49C', '28E4BCDB-BB9F-6877-C9B4-E5BFB6DB860B');
INSERT INTO `t_role_menu_set` VALUES ('CAEC7431-BBA2-1FD0-E01E-E6610FEE5986', '1A0CE3E1-A830-5EB8-7FA3-5AB2D72577AA', '0DB7FD1E-28E6-90F3-5618-6F004D6AAB3B');
INSERT INTO `t_role_menu_set` VALUES ('CBAD5684-58D9-A91D-BD48-D2B3A2988FD4', 'E0028EEE-EC26-50F9-451E-344118D684BA', '3A74CD71-E0A9-BFE4-5948-30E32E699C66');
INSERT INTO `t_role_menu_set` VALUES ('CBB2A326-2071-947D-5A87-0120C490245B', 'E7C1C8D7-178F-2DBC-C306-468BA992C49C', '20A35A80-8525-8B93-6AE0-8404177A4FA9');
INSERT INTO `t_role_menu_set` VALUES ('CBC39EB4-1FCF-B96B-FEC8-AE8F6D1331E6', '3BC5F956-772D-99A9-D86A-34FE93A1EC6D', '07D5A17B-A0C2-33C2-F7CD-81B5F8A25930');
INSERT INTO `t_role_menu_set` VALUES ('CE519A82-24ED-9C1A-9106-DF15ABABB397', 'E0028EEE-EC26-50F9-451E-344118D684BA', 'A2A4C78B-A3FD-0C9B-DDF2-E041D3AAA77E');
INSERT INTO `t_role_menu_set` VALUES ('CE77770A-1B50-0140-1D73-DC78F11C2728', '48AA8369-EAFC-16EE-ED50-5F799BD49B3A', '62A6501F-4680-D1BC-9E07-254173AD8BD4');
INSERT INTO `t_role_menu_set` VALUES ('CF6D1553-973E-EEBB-6401-F4D968900598', '3BC5F956-772D-99A9-D86A-34FE93A1EC6D', '4A516B69-752F-9F23-89CB-A62A3EA6D471');
INSERT INTO `t_role_menu_set` VALUES ('CF85AE77-3BE0-4214-E623-212FBB46D190', '3BC5F956-772D-99A9-D86A-34FE93A1EC6D', 'AC6C7E8D-3FB4-B7A2-13E8-E631456DBEF0');
INSERT INTO `t_role_menu_set` VALUES ('D0A26ED5-351C-B525-A72F-FEF03B296891', '1A0CE3E1-A830-5EB8-7FA3-5AB2D72577AA', '7A7D81BD-DC40-8DF2-94FA-9015CB82928C');
INSERT INTO `t_role_menu_set` VALUES ('D0AD954E-F9AB-E78D-AEDE-B3AEADC53E9C', '1D1D7F4F-211A-0316-DF96-10EE5DB08B3B', '3AC08EF6-3A3E-C6D2-4D58-56F0D339A7B8');
INSERT INTO `t_role_menu_set` VALUES ('D27507B9-11FA-AB9F-F127-F294A1660B29', '1A0CE3E1-A830-5EB8-7FA3-5AB2D72577AA', '44A9D803-E106-11E9-AAD7-84DB4989C85C');
INSERT INTO `t_role_menu_set` VALUES ('D4E53C1F-623A-70B8-504E-FD3DE40E4E72', '3BC5F956-772D-99A9-D86A-34FE93A1EC6D', '881C965F-1CDD-4E3F-CE8B-2C4C6EC721DD');
INSERT INTO `t_role_menu_set` VALUES ('D4E677C6-466A-80DC-A413-A914751AA74C', '1D1D7F4F-211A-0316-DF96-10EE5DB08B3B', 'AC6C7E8D-3FB4-B7A2-13E8-E631456DBEF0');
INSERT INTO `t_role_menu_set` VALUES ('D59BA322-F885-808C-8209-065F03E3B07D', 'E7C1C8D7-178F-2DBC-C306-468BA992C49C', '23E15A3E-3A71-B820-9B3D-4D0710C13934');
INSERT INTO `t_role_menu_set` VALUES ('D66614B4-DB11-40DE-988C-3612327DE73F', '1A0CE3E1-A830-5EB8-7FA3-5AB2D72577AA', '0EC5E601-9846-BB0A-6A6C-BA501B7B8336');
INSERT INTO `t_role_menu_set` VALUES ('D6826A83-69A0-EE02-803D-008D2723C6A6', '1A0CE3E1-A830-5EB8-7FA3-5AB2D72577AA', '94B9C7E9-FC9A-E691-C384-B7CD4C8DA41B');
INSERT INTO `t_role_menu_set` VALUES ('D6BAACEA-26B3-C02A-1CF6-C9F5F9F399BF', '48AA8369-EAFC-16EE-ED50-5F799BD49B3A', '34E8B580-5E56-025E-242D-50FB6CBC9566');
INSERT INTO `t_role_menu_set` VALUES ('D6F8DEE6-2324-13B3-ACAA-BE70B8B7F917', '3BC5F956-772D-99A9-D86A-34FE93A1EC6D', '0EC5E601-9846-BB0A-6A6C-BA501B7B8336');
INSERT INTO `t_role_menu_set` VALUES ('D8873891-3AF2-8495-750A-637773A7E4FC', '1A0CE3E1-A830-5EB8-7FA3-5AB2D72577AA', '54057424-DE81-51C9-FE6F-587D4370A54B');
INSERT INTO `t_role_menu_set` VALUES ('D8AF9055-1601-D5C4-7BCC-DBA8B9C17C49', '1A0CE3E1-A830-5EB8-7FA3-5AB2D72577AA', '23E15A3E-3A71-B820-9B3D-4D0710C13934');
INSERT INTO `t_role_menu_set` VALUES ('D8D48447-4A92-3364-D73B-712CBE715A96', 'E7C1C8D7-178F-2DBC-C306-468BA992C49C', '95F8CAA3-F7DD-507E-4C4D-DC8BE12495EE');
INSERT INTO `t_role_menu_set` VALUES ('D8FF1DD5-F062-38A9-A559-BE462B953FF8', '1D1D7F4F-211A-0316-DF96-10EE5DB08B3B', 'F45DBA98-4628-3588-4AFA-8CC5AB65A4D6');
INSERT INTO `t_role_menu_set` VALUES ('D9C3D6E3-92EF-27B1-7ED3-C7CBB65E1FF1', '3BC5F956-772D-99A9-D86A-34FE93A1EC6D', 'AA7321D8-CB7E-E536-58B3-4F80B9842A68');
INSERT INTO `t_role_menu_set` VALUES ('DA5F2E06-0970-6665-4937-27939E0E5BF6', 'E7C1C8D7-178F-2DBC-C306-468BA992C49C', '39D3C70A-BB27-3BB4-EDBD-AF3FC3636C24');
INSERT INTO `t_role_menu_set` VALUES ('DC364602-5750-DB49-8037-5A52375C38FC', '1D1D7F4F-211A-0316-DF96-10EE5DB08B3B', '07D5A17B-A0C2-33C2-F7CD-81B5F8A25930');
INSERT INTO `t_role_menu_set` VALUES ('DCC16908-AF55-A1B0-1821-EE3A3C9AA1BB', 'E0028EEE-EC26-50F9-451E-344118D684BA', '3AC08EF6-3A3E-C6D2-4D58-56F0D339A7B8');
INSERT INTO `t_role_menu_set` VALUES ('DD46F391-BA53-3EEA-2C62-74B93F84EC5E', '00F764B2-1D7A-1F6C-54C7-116E7888A622', 'ECD6F1BA-2B85-11E6-94AB-B888E3759F7F');
INSERT INTO `t_role_menu_set` VALUES ('DF6AD365-C396-6428-7477-A0781A003A2F', '1A0CE3E1-A830-5EB8-7FA3-5AB2D72577AA', 'BC21D52F-C19D-804E-5ECC-15BFD4E5284D');
INSERT INTO `t_role_menu_set` VALUES ('DF7DEA59-CF42-21FA-20C6-C3BF5ACDDFBB', '48AA8369-EAFC-16EE-ED50-5F799BD49B3A', '0DB7FD1E-28E6-90F3-5618-6F004D6AAB3B');
INSERT INTO `t_role_menu_set` VALUES ('DFD4D809-9478-2DA1-084C-09D499DC47C2', 'E0028EEE-EC26-50F9-451E-344118D684BA', '3D270546-3387-9E6A-0189-D3F9EF780956');
INSERT INTO `t_role_menu_set` VALUES ('E112FA0E-9EA5-4CD3-99BD-0FC19F7B3396', '48AA8369-EAFC-16EE-ED50-5F799BD49B3A', 'AC6C7E8D-3FB4-B7A2-13E8-E631456DBEF0');
INSERT INTO `t_role_menu_set` VALUES ('E18D034C-6EAC-3805-57C3-639369167269', '48AA8369-EAFC-16EE-ED50-5F799BD49B3A', '3AC08EF6-3A3E-C6D2-4D58-56F0D339A7B8');
INSERT INTO `t_role_menu_set` VALUES ('E2111B6A-DDA3-B9B1-ACC8-C957B4F615AC', '3BC5F956-772D-99A9-D86A-34FE93A1EC6D', '7A7D81BD-DC40-8DF2-94FA-9015CB82928C');
INSERT INTO `t_role_menu_set` VALUES ('E240A664-473F-4501-1B3A-61530DD36B86', 'E0028EEE-EC26-50F9-451E-344118D684BA', 'CCC00CBB-F1A9-589E-988E-486251013EC9');
INSERT INTO `t_role_menu_set` VALUES ('E322C007-88F5-E7F5-D64C-BE37B0704D6D', '00F764B2-1D7A-1F6C-54C7-116E7888A622', 'ECDF5C74-2B85-11E6-94AB-B888E3759F7F');
INSERT INTO `t_role_menu_set` VALUES ('E44E4F2A-6FB0-DDFA-AE24-A34DDE1D7775', '1A0CE3E1-A830-5EB8-7FA3-5AB2D72577AA', 'CCC00CBB-F1A9-589E-988E-486251013EC9');
INSERT INTO `t_role_menu_set` VALUES ('E4FE112A-82F5-B152-45AA-C1A2A25F8C6C', '3BC5F956-772D-99A9-D86A-34FE93A1EC6D', 'EA447E6A-E223-7377-78DC-2D7D45502646');
INSERT INTO `t_role_menu_set` VALUES ('E642DC5B-2C0A-7D1E-1F1A-1E12752DDE35', 'E7C1C8D7-178F-2DBC-C306-468BA992C49C', '158E2527-9585-7C75-23EB-A2CC5A5A194B');
INSERT INTO `t_role_menu_set` VALUES ('E8A2CB8A-A930-D62F-F6F0-26883A690F0E', 'E7C1C8D7-178F-2DBC-C306-468BA992C49C', '881C965F-1CDD-4E3F-CE8B-2C4C6EC721DD');
INSERT INTO `t_role_menu_set` VALUES ('E91F6E63-A6D7-8BCF-1CC4-B54A3FDF736C', '1D1D7F4F-211A-0316-DF96-10EE5DB08B3B', '241788F9-9CE0-BD2D-C589-3777E3075070');
INSERT INTO `t_role_menu_set` VALUES ('E9C779FB-5035-115E-BD26-FE28CC307D35', '1A0CE3E1-A830-5EB8-7FA3-5AB2D72577AA', '90783B66-0DA5-68F0-CE89-DBD1355C9FD6');
INSERT INTO `t_role_menu_set` VALUES ('EAE55B98-1641-7E8D-F3F1-62950880A475', '3BC5F956-772D-99A9-D86A-34FE93A1EC6D', '34E8B580-5E56-025E-242D-50FB6CBC9566');
INSERT INTO `t_role_menu_set` VALUES ('EB23D640-ED0C-581C-82BF-98552DAA43D7', '48AA8369-EAFC-16EE-ED50-5F799BD49B3A', '95F8CAA3-F7DD-507E-4C4D-DC8BE12495EE');
INSERT INTO `t_role_menu_set` VALUES ('EB9E3750-54AD-E786-AA1C-E5EA7B3C4942', 'E0028EEE-EC26-50F9-451E-344118D684BA', '67EA283E-7B08-0389-CA76-125F7A45A4A9');
INSERT INTO `t_role_menu_set` VALUES ('ECF1EFA4-2B85-11E6-94AB-B888E3759F7F', 'ECA46FD5-2B85-11E6-94AB-B888E3759F7F', 'ECD6F1BA-2B85-11E6-94AB-B888E3759F7F');
INSERT INTO `t_role_menu_set` VALUES ('ED004FBD-2B85-11E6-94AB-B888E3759F7F', 'ECA46FD5-2B85-11E6-94AB-B888E3759F7F', 'ECDF5C74-2B85-11E6-94AB-B888E3759F7F');
INSERT INTO `t_role_menu_set` VALUES ('ED0AE629-2B85-11E6-94AB-B888E3759F7F', 'ECA46FD5-2B85-11E6-94AB-B888E3759F7F', 'ECE5329F-2B85-11E6-94AB-B888E3759F7F');
INSERT INTO `t_role_menu_set` VALUES ('EEFD8BD0-F7EE-DB54-558B-2C7B255DC11C', '3BC5F956-772D-99A9-D86A-34FE93A1EC6D', '8632D43C-1504-A0BE-857C-E72773F016BF');
INSERT INTO `t_role_menu_set` VALUES ('EF826672-2BD4-03E3-66DB-1FFF04452333', '1D1D7F4F-211A-0316-DF96-10EE5DB08B3B', 'CCC00CBB-F1A9-589E-988E-486251013EC9');
INSERT INTO `t_role_menu_set` VALUES ('F0FAC3F1-FD33-A7FC-3708-B9BB7B236D88', 'E7C1C8D7-178F-2DBC-C306-468BA992C49C', '62A6501F-4680-D1BC-9E07-254173AD8BD4');
INSERT INTO `t_role_menu_set` VALUES ('F1DA936C-177A-FD26-7EB6-E9C86CBBA86A', '3BC5F956-772D-99A9-D86A-34FE93A1EC6D', 'E59118FD-12D2-28B9-46D1-50848D3904AE');
INSERT INTO `t_role_menu_set` VALUES ('F304641D-D6AD-DAFF-0DC8-914DDE263C37', '1A0CE3E1-A830-5EB8-7FA3-5AB2D72577AA', '9F75F8E0-9A1C-5626-AD48-F328F8EDEAB7');
INSERT INTO `t_role_menu_set` VALUES ('F4434F4F-93D0-BF4A-06D2-1949C5045F78', '3BC5F956-772D-99A9-D86A-34FE93A1EC6D', 'F49D74C8-9C73-2FF4-EC19-A7A3CFBEF0DA');
INSERT INTO `t_role_menu_set` VALUES ('F450DAA9-1AEE-3254-8C80-1CA32A6FF660', 'E7C1C8D7-178F-2DBC-C306-468BA992C49C', 'EA447E6A-E223-7377-78DC-2D7D45502646');
INSERT INTO `t_role_menu_set` VALUES ('F4F07A34-64D8-A78C-58CC-E0A3CDAFC513', '1A0CE3E1-A830-5EB8-7FA3-5AB2D72577AA', '07D5A17B-A0C2-33C2-F7CD-81B5F8A25930');
INSERT INTO `t_role_menu_set` VALUES ('F5784420-C970-E5D7-0231-A6F6683B23A4', '48AA8369-EAFC-16EE-ED50-5F799BD49B3A', '241788F9-9CE0-BD2D-C589-3777E3075070');
INSERT INTO `t_role_menu_set` VALUES ('F5B2A4B7-A8C3-B307-006F-11FF1AFF3432', '48AA8369-EAFC-16EE-ED50-5F799BD49B3A', 'A2E3D84F-FDA4-AB3E-07BC-F9427CE215FF');
INSERT INTO `t_role_menu_set` VALUES ('F8AFC0B8-B1F4-8146-F0AA-77AD3F50B5A0', '1A0CE3E1-A830-5EB8-7FA3-5AB2D72577AA', '3A74CD71-E0A9-BFE4-5948-30E32E699C66');
INSERT INTO `t_role_menu_set` VALUES ('F9620CEA-68BC-F714-7E12-8F70F21FB36C', '3BC5F956-772D-99A9-D86A-34FE93A1EC6D', '20A35A80-8525-8B93-6AE0-8404177A4FA9');
INSERT INTO `t_role_menu_set` VALUES ('F97A2CD4-FAB3-38C6-0C41-F5E6FCD0B113', '1D1D7F4F-211A-0316-DF96-10EE5DB08B3B', '3A74CD71-E0A9-BFE4-5948-30E32E699C66');
INSERT INTO `t_role_menu_set` VALUES ('F9802C3D-09E2-EEEF-375B-0E71246DC8E1', 'E7C1C8D7-178F-2DBC-C306-468BA992C49C', '90783B66-0DA5-68F0-CE89-DBD1355C9FD6');
INSERT INTO `t_role_menu_set` VALUES ('FA7E9937-CE3D-358A-8374-C964FA4AA0C5', 'E0028EEE-EC26-50F9-451E-344118D684BA', '34E8B580-5E56-025E-242D-50FB6CBC9566');
INSERT INTO `t_role_menu_set` VALUES ('FA9C1C50-0456-5005-4A92-3328C5942CA7', 'E0028EEE-EC26-50F9-451E-344118D684BA', '694B5E41-18B3-BE0C-B839-AA4868FC6AD3');
INSERT INTO `t_role_menu_set` VALUES ('FAE2086A-AE4C-3CCD-7B73-7B2467780174', '1D1D7F4F-211A-0316-DF96-10EE5DB08B3B', '34E8B580-5E56-025E-242D-50FB6CBC9566');
INSERT INTO `t_role_menu_set` VALUES ('FB272F04-6650-2EF6-C56E-B65FA8D62428', 'E0028EEE-EC26-50F9-451E-344118D684BA', '881C965F-1CDD-4E3F-CE8B-2C4C6EC721DD');
INSERT INTO `t_role_menu_set` VALUES ('FB90A7CB-E022-4333-9DB9-430FC878586B', '48AA8369-EAFC-16EE-ED50-5F799BD49B3A', 'C3CE833F-21E5-FBED-0CA7-22C2757BB79A');
INSERT INTO `t_role_menu_set` VALUES ('FC8AF6CA-BB67-3EEF-8ABD-6511015290DF', '1A0CE3E1-A830-5EB8-7FA3-5AB2D72577AA', 'AC6C7E8D-3FB4-B7A2-13E8-E631456DBEF0');
INSERT INTO `t_role_menu_set` VALUES ('FCFE461D-592B-3858-C953-3224CB2A9218', 'E7C1C8D7-178F-2DBC-C306-468BA992C49C', '67EA283E-7B08-0389-CA76-125F7A45A4A9');
INSERT INTO `t_role_menu_set` VALUES ('FDD0577D-4CB0-8BF8-4D39-84A102181914', '48AA8369-EAFC-16EE-ED50-5F799BD49B3A', 'CCC00CBB-F1A9-589E-988E-486251013EC9');
INSERT INTO `t_role_menu_set` VALUES ('FED490BC-2D99-50B5-A8B6-C9B66500A225', '3BC5F956-772D-99A9-D86A-34FE93A1EC6D', '725B94FE-2B2B-CEB8-FA9E-E61C75A87255');
INSERT INTO `t_role_menu_set` VALUES ('FF3FE434-E742-B1A3-E920-AEC514D2F451', '3BC5F956-772D-99A9-D86A-34FE93A1EC6D', '09CDEE4C-0F18-0B26-1209-55CD55572387');
INSERT INTO `t_role_menu_set` VALUES ('FF7D0B8E-6B1A-93A2-D3E3-2B8E3467C018', 'E7C1C8D7-178F-2DBC-C306-468BA992C49C', '6E78364C-3313-1FEA-AD1D-9F5F89C336FF');
INSERT INTO `t_role_menu_set` VALUES ('FF7EC170-74DF-5499-2653-E2B3238B8232', '3BC5F956-772D-99A9-D86A-34FE93A1EC6D', 'F45DBA98-4628-3588-4AFA-8CC5AB65A4D6');
INSERT INTO `t_role_menu_set` VALUES ('FFAF63B3-103E-B9E8-18AC-8A64547E3291', '3BC5F956-772D-99A9-D86A-34FE93A1EC6D', 'C3CE833F-21E5-FBED-0CA7-22C2757BB79A');
INSERT INTO `t_role_menu_set` VALUES ('FFF5BF10-4400-01F3-34D4-24E9E67ECA8A', '1A0CE3E1-A830-5EB8-7FA3-5AB2D72577AA', 'A2E3D84F-FDA4-AB3E-07BC-F9427CE215FF');

-- ----------------------------
-- Table structure for t_role_module_func_set
-- ----------------------------
DROP TABLE IF EXISTS `t_role_module_func_set`;
CREATE TABLE `t_role_module_func_set` (
  `id` char(36) NOT NULL,
  `roleid` char(36) NOT NULL,
  `funcid` char(36) NOT NULL,
  PRIMARY KEY (`id`),
  KEY `funcid_cons_354` (`funcid`),
  KEY `roleid_cons_354` (`roleid`),
  CONSTRAINT `t_role_module_func_set_ibfk_1` FOREIGN KEY (`funcid`) REFERENCES `t_module_func` (`id`),
  CONSTRAINT `t_role_module_func_set_ibfk_2` FOREIGN KEY (`roleid`) REFERENCES `t_role` (`id`)
) ENGINE=InnoDB DEFAULT CHARSET=utf8mb4;

-- ----------------------------
-- Records of t_role_module_func_set
-- ----------------------------
INSERT INTO `t_role_module_func_set` VALUES ('00A839DC-721B-4865-041C-EDCBF19D0413', '00F764B2-1D7A-1F6C-54C7-116E7888A622', 'ED39348D-2B85-11E6-94AB-B888E3759F7F');
INSERT INTO `t_role_module_func_set` VALUES ('016C2558-128B-A168-84B4-0BBC9DCB3493', '1A0CE3E1-A830-5EB8-7FA3-5AB2D72577AA', '2CEBA7A5-46FB-332F-7872-C03351B9E801');
INSERT INTO `t_role_module_func_set` VALUES ('085D6F43-C801-B0B7-5308-ADAA856D7EB1', '3BC5F956-772D-99A9-D86A-34FE93A1EC6D', '90D61463-2D9C-EA1E-52D0-6BAC6F358AAF');
INSERT INTO `t_role_module_func_set` VALUES ('12B1D61B-50D4-553C-5547-186EB55BBAAA', 'E0028EEE-EC26-50F9-451E-344118D684BA', '2E4AA2BF-370C-B2A4-DB19-CBF46A269F9B');
INSERT INTO `t_role_module_func_set` VALUES ('18560219-2620-AB75-2AC4-EBC6718A2362', 'E0028EEE-EC26-50F9-451E-344118D684BA', 'DCF3D915-F2F9-4374-1911-8AEE87A9FF9A');
INSERT INTO `t_role_module_func_set` VALUES ('19DB32D2-71BC-7498-F465-92B43F2C6673', '3BC5F956-772D-99A9-D86A-34FE93A1EC6D', '9933AE81-9AE5-CD95-DF12-F3728B2833D8');
INSERT INTO `t_role_module_func_set` VALUES ('2425BF53-A682-E04C-6E0E-131D690DAB79', 'E0028EEE-EC26-50F9-451E-344118D684BA', '72AAE1A2-0D1D-8CA4-5D2A-62E3FAFB8448');
INSERT INTO `t_role_module_func_set` VALUES ('2647D3E0-5978-BE89-3DD4-9D8D793A3EEF', '1D1D7F4F-211A-0316-DF96-10EE5DB08B3B', '2705794B-9A8B-7EE3-7507-11D1239F08C8');
INSERT INTO `t_role_module_func_set` VALUES ('2962F4D0-C435-8211-906A-34BB82356F1A', '3BC5F956-772D-99A9-D86A-34FE93A1EC6D', 'B96B465B-1635-4205-CD9D-B036A563D495');
INSERT INTO `t_role_module_func_set` VALUES ('29EF9D47-CDAB-FC24-1B16-E45B501A9171', 'E0028EEE-EC26-50F9-451E-344118D684BA', '736ECE4D-03B8-B635-5456-36AEFE54E676');
INSERT INTO `t_role_module_func_set` VALUES ('2CD7304B-FF05-436E-BD68-436FB8E42CF7', '3BC5F956-772D-99A9-D86A-34FE93A1EC6D', 'CBC20469-4EA3-33B1-63E0-CAEB4ABB8A0A');
INSERT INTO `t_role_module_func_set` VALUES ('2D885DF6-3092-F977-7F8A-6C2802DACEB3', '3BC5F956-772D-99A9-D86A-34FE93A1EC6D', '2CEBA7A5-46FB-332F-7872-C03351B9E801');
INSERT INTO `t_role_module_func_set` VALUES ('2F07B513-85FE-8F87-998A-ECC270198488', '1A0CE3E1-A830-5EB8-7FA3-5AB2D72577AA', '95E3CB9E-4833-C14F-08A5-061E53246944');
INSERT INTO `t_role_module_func_set` VALUES ('2F9613FA-39E2-F3FA-5341-AEC19799B086', 'E0028EEE-EC26-50F9-451E-344118D684BA', '40060858-7F81-AC0E-9F23-8308B494D227');
INSERT INTO `t_role_module_func_set` VALUES ('35D21BAB-CBE9-010D-AEA5-50047B5425F5', '3BC5F956-772D-99A9-D86A-34FE93A1EC6D', '2705794B-9A8B-7EE3-7507-11D1239F08C8');
INSERT INTO `t_role_module_func_set` VALUES ('4864FCA6-A11B-1E02-7621-B3A2D9AF013E', '1A0CE3E1-A830-5EB8-7FA3-5AB2D72577AA', '2705794B-9A8B-7EE3-7507-11D1239F08C8');
INSERT INTO `t_role_module_func_set` VALUES ('4953EF1C-2BEC-9542-1A6D-53C235AA5AA5', '1A0CE3E1-A830-5EB8-7FA3-5AB2D72577AA', 'ECEAAECF-ED26-64B4-46B3-E8190D3CCF47');
INSERT INTO `t_role_module_func_set` VALUES ('4A420077-2F64-2758-3BAF-636B1869F9D2', 'AF02C50F-55E4-AAE7-F12D-24F13BFEAD92', 'ED4B8D96-2B85-11E6-94AB-B888E3759F7F');
INSERT INTO `t_role_module_func_set` VALUES ('50C0A73D-A7E8-D3F0-C7B6-14D1FD5E2F98', 'E0028EEE-EC26-50F9-451E-344118D684BA', 'EF957859-7712-DDC2-232E-6B4DEF786D54');
INSERT INTO `t_role_module_func_set` VALUES ('50FB9ED6-398D-5ACE-E0BC-7B0DEEBE05A6', '00F764B2-1D7A-1F6C-54C7-116E7888A622', 'ED2CF484-2B85-11E6-94AB-B888E3759F7F');
INSERT INTO `t_role_module_func_set` VALUES ('5A8D09BA-43A5-B1AB-98E2-036FFBD2619C', 'E0028EEE-EC26-50F9-451E-344118D684BA', 'CE6DA8E5-3C40-BF85-0E76-6B7F328D1330');
INSERT INTO `t_role_module_func_set` VALUES ('6C0CF819-41B4-2F76-77B1-025CC900D487', '3BC5F956-772D-99A9-D86A-34FE93A1EC6D', '95E3CB9E-4833-C14F-08A5-061E53246944');
INSERT INTO `t_role_module_func_set` VALUES ('6FF6D518-A9C7-076B-A7BA-FC20DA9870AD', '1D1D7F4F-211A-0316-DF96-10EE5DB08B3B', '627A1E22-695D-A512-5616-5A0E4F0E8A5C');
INSERT INTO `t_role_module_func_set` VALUES ('701C9836-822F-7FB3-F6BB-B646ED219F67', 'E0028EEE-EC26-50F9-451E-344118D684BA', '8CCA2525-8121-9B22-352C-BC69B118A1A7');
INSERT INTO `t_role_module_func_set` VALUES ('70496956-6ACA-9034-F78E-DB926C099618', '1A0CE3E1-A830-5EB8-7FA3-5AB2D72577AA', '627A1E22-695D-A512-5616-5A0E4F0E8A5C');
INSERT INTO `t_role_module_func_set` VALUES ('7F089FB7-C9A6-10F7-625E-632741B5637E', 'E0028EEE-EC26-50F9-451E-344118D684BA', 'E38B7639-A4B4-C355-6EA4-C071A4E098C5');
INSERT INTO `t_role_module_func_set` VALUES ('8583E56B-F29D-9AAD-2E93-D922D445B3CC', '1A0CE3E1-A830-5EB8-7FA3-5AB2D72577AA', 'B8565856-ED16-9F1D-518E-B5888BC30828');
INSERT INTO `t_role_module_func_set` VALUES ('86599309-8F76-13B4-C28E-EDC246A7288C', 'AF02C50F-55E4-AAE7-F12D-24F13BFEAD92', 'ED2CF484-2B85-11E6-94AB-B888E3759F7F');
INSERT INTO `t_role_module_func_set` VALUES ('8AD52174-B50F-4F1D-3026-1D8CFC6F1DDA', 'E0028EEE-EC26-50F9-451E-344118D684BA', '06C47385-7CA3-A278-3787-0AE9930B09A2');
INSERT INTO `t_role_module_func_set` VALUES ('90F33B4F-F1FD-E723-1D06-5ABCC17F8B16', 'E0028EEE-EC26-50F9-451E-344118D684BA', 'BECDBB28-186F-DD6E-FB9C-50147909E4F3');
INSERT INTO `t_role_module_func_set` VALUES ('95F45D98-CC5B-834F-3487-E96855C25773', 'E0028EEE-EC26-50F9-451E-344118D684BA', 'B4359F0A-6EA0-1021-33FD-56952FD93B65');
INSERT INTO `t_role_module_func_set` VALUES ('9DC283F8-FD44-84E6-A11C-0C0BC4FDC178', '1A0CE3E1-A830-5EB8-7FA3-5AB2D72577AA', '052F8881-AC49-3311-95B7-88F2ACDB3A75');
INSERT INTO `t_role_module_func_set` VALUES ('BA661EAB-C918-0071-DC05-4965ACF61361', 'E7C1C8D7-178F-2DBC-C306-468BA992C49C', 'ABE85A3F-E680-D05E-C981-DC05C52A02AA');
INSERT INTO `t_role_module_func_set` VALUES ('BCFE8D20-D37B-863C-8E02-2B6136E58F03', 'E0028EEE-EC26-50F9-451E-344118D684BA', 'EDF05941-F016-5B32-AF69-594B30C18C6D');
INSERT INTO `t_role_module_func_set` VALUES ('BE927780-810E-1CC4-F653-B0AF9F751513', '1D1D7F4F-211A-0316-DF96-10EE5DB08B3B', 'B8565856-ED16-9F1D-518E-B5888BC30828');
INSERT INTO `t_role_module_func_set` VALUES ('C8972C19-74DC-50F3-A1F9-B3F36B2AE9DA', 'E0028EEE-EC26-50F9-451E-344118D684BA', 'DFFEF113-8751-8132-8784-AEFE732512DF');
INSERT INTO `t_role_module_func_set` VALUES ('C9F86D40-7116-A1A6-95D6-92027E64D681', '3BC5F956-772D-99A9-D86A-34FE93A1EC6D', '894FCF63-EDAF-7300-319A-BCDD1B2E3271');
INSERT INTO `t_role_module_func_set` VALUES ('D01DB332-1DB4-940C-4ADB-6CAA3E2604E5', '1A0CE3E1-A830-5EB8-7FA3-5AB2D72577AA', '9A2D1AFB-7EBA-8526-794B-935306B1BB74');
INSERT INTO `t_role_module_func_set` VALUES ('D04A144C-E2B2-11B7-21E6-108E17C15B27', 'E0028EEE-EC26-50F9-451E-344118D684BA', '25133435-5D8A-29BB-5E0C-2AC5FF58608D');
INSERT INTO `t_role_module_func_set` VALUES ('D85A9DAE-FB66-E30C-2A9A-3F751A6C3F57', 'E0028EEE-EC26-50F9-451E-344118D684BA', 'ED8380C2-02BC-86DB-32D7-DE94118D3BBB');
INSERT INTO `t_role_module_func_set` VALUES ('DDFC7066-6A1A-1A47-9300-C37C3FB203A4', '1A0CE3E1-A830-5EB8-7FA3-5AB2D72577AA', '4E7B8CC7-CD76-1455-C03A-8F32F7AAC8B3');
INSERT INTO `t_role_module_func_set` VALUES ('DFAA7C90-83DA-B527-EC22-72C8C5BF442D', '3BC5F956-772D-99A9-D86A-34FE93A1EC6D', '764C95A5-A0BF-1D1E-7F3B-1AE6DD2C0879');
INSERT INTO `t_role_module_func_set` VALUES ('ED62756A-2B85-11E6-94AB-B888E3759F7F', 'ECA46FD5-2B85-11E6-94AB-B888E3759F7F', 'ED2CF484-2B85-11E6-94AB-B888E3759F7F');
INSERT INTO `t_role_module_func_set` VALUES ('ED6936D0-2B85-11E6-94AB-B888E3759F7F', 'ECA46FD5-2B85-11E6-94AB-B888E3759F7F', 'ED39348D-2B85-11E6-94AB-B888E3759F7F');
INSERT INTO `t_role_module_func_set` VALUES ('ED6EC936-2B85-11E6-94AB-B888E3759F7F', 'ECA46FD5-2B85-11E6-94AB-B888E3759F7F', 'ED3F0E5C-2B85-11E6-94AB-B888E3759F7F');
INSERT INTO `t_role_module_func_set` VALUES ('ED74AA2B-2B85-11E6-94AB-B888E3759F7F', 'ECA46FD5-2B85-11E6-94AB-B888E3759F7F', 'ED4B8D96-2B85-11E6-94AB-B888E3759F7F');
INSERT INTO `t_role_module_func_set` VALUES ('ED7A984E-2B85-11E6-94AB-B888E3759F7F', 'ECA46FD5-2B85-11E6-94AB-B888E3759F7F', 'ED514FA4-2B85-11E6-94AB-B888E3759F7F');
INSERT INTO `t_role_module_func_set` VALUES ('F1F1F6E9-3BE0-A5FE-9143-3004FC481854', '1D1D7F4F-211A-0316-DF96-10EE5DB08B3B', 'ECEAAECF-ED26-64B4-46B3-E8190D3CCF47');
INSERT INTO `t_role_module_func_set` VALUES ('F3EFFA77-D6D2-AA76-A31C-525A59C0754F', '3BC5F956-772D-99A9-D86A-34FE93A1EC6D', '4E7B8CC7-CD76-1455-C03A-8F32F7AAC8B3');
INSERT INTO `t_role_module_func_set` VALUES ('F7DB2B91-0764-3A68-45FE-55AB5E934ED8', 'E0028EEE-EC26-50F9-451E-344118D684BA', '13E90A91-6C7F-2960-AE3F-7FAD396CC475');
INSERT INTO `t_role_module_func_set` VALUES ('F82E3F2D-1F7A-0270-6D98-F244EC128D55', 'AF02C50F-55E4-AAE7-F12D-24F13BFEAD92', 'ED39348D-2B85-11E6-94AB-B888E3759F7F');
INSERT INTO `t_role_module_func_set` VALUES ('FB519BDD-8EAD-5BD1-1023-46A2C968BA1A', '3BC5F956-772D-99A9-D86A-34FE93A1EC6D', '9A2D1AFB-7EBA-8526-794B-935306B1BB74');

-- ----------------------------
-- Table structure for t_role_module_set
-- ----------------------------
DROP TABLE IF EXISTS `t_role_module_set`;
CREATE TABLE `t_role_module_set` (
  `id` char(36) NOT NULL,
  `roleid` char(36) NOT NULL,
  `moduleid` char(36) NOT NULL,
  PRIMARY KEY (`id`),
  KEY `moduleid_cons_353` (`moduleid`),
  KEY `roleid_cons_353` (`roleid`),
  CONSTRAINT `t_role_module_set_ibfk_1` FOREIGN KEY (`moduleid`) REFERENCES `t_module` (`id`),
  CONSTRAINT `t_role_module_set_ibfk_2` FOREIGN KEY (`roleid`) REFERENCES `t_role` (`id`)
) ENGINE=InnoDB DEFAULT CHARSET=utf8mb4;

-- ----------------------------
-- Records of t_role_module_set
-- ----------------------------
INSERT INTO `t_role_module_set` VALUES ('00705B7E-E9F4-70F7-05E6-29FB13C3A5D9', 'E0028EEE-EC26-50F9-451E-344118D684BA', 'F2065952-E411-6170-C871-F445BA022707');
INSERT INTO `t_role_module_set` VALUES ('19ACD388-8EEB-81CD-0329-0ED7171E789D', '1A0CE3E1-A830-5EB8-7FA3-5AB2D72577AA', '2835EC7F-3A1D-7148-BC69-31D5F8790087');
INSERT INTO `t_role_module_set` VALUES ('23A2F797-DB8D-6830-D783-92E92C93E508', '3BC5F956-772D-99A9-D86A-34FE93A1EC6D', 'B71D3C3C-1633-E753-2665-32B260D3FB0D');
INSERT INTO `t_role_module_set` VALUES ('2EB91317-F750-1165-643C-C0F52F590FC8', 'E0028EEE-EC26-50F9-451E-344118D684BA', '75D0E949-12E9-D663-C38F-E63557EC91FD');
INSERT INTO `t_role_module_set` VALUES ('3936CA38-5CA3-8F2F-994F-57A3C1D5D68F', 'E0028EEE-EC26-50F9-451E-344118D684BA', 'E3F3E8F3-2A79-B3D9-D1EC-B30297A886CD');
INSERT INTO `t_role_module_set` VALUES ('4076D9F1-F6F3-33A2-B9B5-DB7C4728651A', '1A0CE3E1-A830-5EB8-7FA3-5AB2D72577AA', '75D0E949-12E9-D663-C38F-E63557EC91FD');
INSERT INTO `t_role_module_set` VALUES ('4D76107B-44A8-F434-5328-99F344A8F43B', 'E7C1C8D7-178F-2DBC-C306-468BA992C49C', 'C9D1B206-2758-8990-5251-8C601C5B0FDD');
INSERT INTO `t_role_module_set` VALUES ('63EEA495-59CC-712E-8DDE-DC9CF7826BB7', '00F764B2-1D7A-1F6C-54C7-116E7888A622', 'ED22BD14-2B85-11E6-94AB-B888E3759F7F');
INSERT INTO `t_role_module_set` VALUES ('6FE055DA-B419-7CB5-FF7C-546A88B26D1F', 'AF02C50F-55E4-AAE7-F12D-24F13BFEAD92', 'ED22BD14-2B85-11E6-94AB-B888E3759F7F');
INSERT INTO `t_role_module_set` VALUES ('8FDF3521-F14B-6458-3361-0F328AFE7AB3', 'E0028EEE-EC26-50F9-451E-344118D684BA', 'C9D1B206-2758-8990-5251-8C601C5B0FDD');
INSERT INTO `t_role_module_set` VALUES ('BF103735-DD7F-E3E4-9EDD-808E6C3FE302', '3BC5F956-772D-99A9-D86A-34FE93A1EC6D', '2835EC7F-3A1D-7148-BC69-31D5F8790087');
INSERT INTO `t_role_module_set` VALUES ('C80507A8-79C4-E077-54ED-C489B09961DB', '1D1D7F4F-211A-0316-DF96-10EE5DB08B3B', 'E3F3E8F3-2A79-B3D9-D1EC-B30297A886CD');
INSERT INTO `t_role_module_set` VALUES ('C9A08660-D91A-D69E-2818-9FDF3F383212', '1D1D7F4F-211A-0316-DF96-10EE5DB08B3B', '2835EC7F-3A1D-7148-BC69-31D5F8790087');
INSERT INTO `t_role_module_set` VALUES ('D4D837E7-B1C0-FFA9-286F-D8BE00333305', '1A0CE3E1-A830-5EB8-7FA3-5AB2D72577AA', 'E3F3E8F3-2A79-B3D9-D1EC-B30297A886CD');
INSERT INTO `t_role_module_set` VALUES ('ED594552-2B85-11E6-94AB-B888E3759F7F', 'ECA46FD5-2B85-11E6-94AB-B888E3759F7F', 'ED22BD14-2B85-11E6-94AB-B888E3759F7F');

-- ----------------------------
-- Table structure for t_runtimeconfig
-- ----------------------------
DROP TABLE IF EXISTS `t_runtimeconfig`;
CREATE TABLE `t_runtimeconfig` (
  `id` char(36) NOT NULL,
  `confname` varchar(100) NOT NULL,
  `confvalue` varchar(255) DEFAULT NULL,
  `confdes` longtext,
  `status` int(11) NOT NULL,
  `type` int(11) NOT NULL,
  PRIMARY KEY (`id`),
  KEY `runtime_index_1` (`confname`,`status`)
) ENGINE=InnoDB DEFAULT CHARSET=utf8mb4;

-- ----------------------------
-- Records of t_runtimeconfig
-- ----------------------------
INSERT INTO `t_runtimeconfig` VALUES ('EC771C86-2B85-11E6-94AB-B888E3759F7F', 'CommunicationEnabled', 'true', '开启后台通讯；true-开启，false-不开启', '1', '0');

-- ----------------------------
-- Table structure for t_user
-- ----------------------------
DROP TABLE IF EXISTS `t_user`;
CREATE TABLE `t_user` (
  `id` char(36) NOT NULL,
  `name` varchar(255) NOT NULL,
  `loginno` varchar(50) NOT NULL,
  `password` varchar(255) NOT NULL,
  `levels` int(11) NOT NULL,
  `status` int(11) NOT NULL,
  `sort` int(11) NOT NULL,
  PRIMARY KEY (`id`),
  UNIQUE KEY `user_index_1` (`loginno`) USING BTREE
) ENGINE=InnoDB DEFAULT CHARSET=utf8mb4;

-- ----------------------------
-- Records of t_user
-- ----------------------------
INSERT INTO `t_user` VALUES ('0BAFEC2D-0714-A933-E9A0-2978F83A229E', '张彬', 'zb', '9cb85c0cbda992c9b00aba59d1e009ca', '2', '1', '0');
INSERT INTO `t_user` VALUES ('35159B24-92CB-A00A-8E1C-6BBC416DB1FD', '维护员', 'weihuyuan', '049edd6b99ea466604313e1413c6cbe6', '2', '1', '1');
INSERT INTO `t_user` VALUES ('61E5FC9B-7317-D9C7-43EC-33FCFA59BE02', '管理员', 'guanliyuan', '0afe031df3e1cf736caeec9ae9790422', '1', '1', '0');
INSERT INTO `t_user` VALUES ('B98D1CCA-75CD-9656-73E4-CA94AA72EFD0', '账务平台', 'zhangbin@qq.com', 'faf259142c8b75946e982f30f0ef813d', '99', '1', '99');
INSERT INTO `t_user` VALUES ('C81DD204-581E-2153-9607-DDF96489B8AF', '财务', 'caiwu', '112891e09a438c8aff36f517ae27673c', '3', '1', '2');
INSERT INTO `t_user` VALUES ('CB3FE9B2-2C58-2D40-3B31-193EDA866B03', '授权员', 'shouquanyuan', 'abc61331d5af5514ab772634203c354a', '2', '1', '0');
INSERT INTO `t_user` VALUES ('DD748C57-2BAC-4C3E-5C33-43BA1F8AB8B5', '客服', 'kefu', '17e3ed839c3eacb52acded3261e7273d', '3', '1', '3');
INSERT INTO `t_user` VALUES ('EC9103DB-2B85-11E6-94AB-B888E3759F7F', '超级管理员', 'admin', 'fa9e8849b827fe3aa97d4673a4687391', '0', '1', '0');
INSERT INTO `t_user` VALUES ('FB512EAC-74A7-FBC4-1B3A-BC1FE7175813', '批量作业员', 'piliang', '7de29afe9aa78cff823594232fa1b8ef', '2', '1', '1');

-- ----------------------------
-- Table structure for t_user_configuration
-- ----------------------------
DROP TABLE IF EXISTS `t_user_configuration`;
CREATE TABLE `t_user_configuration` (
  `id` char(36) NOT NULL,
  `userid` char(36) NOT NULL,
  `appid` char(36) NOT NULL,
  `skin_colorpicker` varchar(255) DEFAULT NULL,
  `settings_navbar` int(11) DEFAULT NULL,
  `settings_sidebar` int(11) DEFAULT NULL,
  `settings_breadcrumbs` int(11) DEFAULT NULL,
  `settings_add_container` int(11) DEFAULT NULL,
  `settings_hover` int(11) DEFAULT NULL,
  `settings_compact` int(11) DEFAULT NULL,
  `settings_highlight` int(11) DEFAULT NULL,
  `settings_use_tabs` int(11) DEFAULT NULL,
  PRIMARY KEY (`id`),
  KEY `userid_cons_314` (`userid`),
  KEY `appid_cons_314` (`appid`),
  CONSTRAINT `t_user_configuration_ibfk_1` FOREIGN KEY (`appid`) REFERENCES `t_application` (`id`),
  CONSTRAINT `t_user_configuration_ibfk_2` FOREIGN KEY (`userid`) REFERENCES `t_user` (`id`)
) ENGINE=InnoDB DEFAULT CHARSET=utf8mb4;

-- ----------------------------
-- Records of t_user_configuration
-- ----------------------------
INSERT INTO `t_user_configuration` VALUES ('226378CC-36AB-DC1D-5F50-96F7FBF861B7', '35159B24-92CB-A00A-8E1C-6BBC416DB1FD', '9CA6F639-40C0-B397-C382-9AC90FD40A9D', 'skin-1', '1', '0', '0', '0', '0', '0', '0', '1');
INSERT INTO `t_user_configuration` VALUES ('A3369041-AA54-16C7-48E1-108DBF7AC3D8', 'C81DD204-581E-2153-9607-DDF96489B8AF', '9CA6F639-40C0-B397-C382-9AC90FD40A9D', 'no-skin', '1', '1', '0', '0', '0', '0', '0', '1');
INSERT INTO `t_user_configuration` VALUES ('EC998CB9-2B85-11E6-94AB-B888E3759F7F', 'EC9103DB-2B85-11E6-94AB-B888E3759F7F', 'EC817B38-2B85-11E6-94AB-B888E3759F7F', 'skin-1', '1', '0', '0', '0', '0', '0', '0', '1');

-- ----------------------------
-- Table structure for t_user_department_set
-- ----------------------------
DROP TABLE IF EXISTS `t_user_department_set`;
CREATE TABLE `t_user_department_set` (
  `id` char(36) NOT NULL,
  `userid` char(36) NOT NULL,
  `departmentid` char(36) NOT NULL,
  PRIMARY KEY (`id`),
  KEY `userid_cons_322` (`userid`),
  KEY `departmentid_cons_322` (`departmentid`),
  CONSTRAINT `t_user_department_set_ibfk_1` FOREIGN KEY (`departmentid`) REFERENCES `t_department` (`id`),
  CONSTRAINT `t_user_department_set_ibfk_2` FOREIGN KEY (`userid`) REFERENCES `t_user` (`id`)
) ENGINE=InnoDB DEFAULT CHARSET=utf8mb4;

-- ----------------------------
-- Records of t_user_department_set
-- ----------------------------

-- ----------------------------
-- Table structure for t_user_info
-- ----------------------------
DROP TABLE IF EXISTS `t_user_info`;
CREATE TABLE `t_user_info` (
  `id` char(36) NOT NULL,
  `userid` char(36) NOT NULL,
  `portrait` longtext,
  `last_login_time` varchar(20) DEFAULT NULL,
  `last_login_ip` varchar(255) DEFAULT NULL,
  PRIMARY KEY (`id`),
  KEY `userid_cons_312` (`userid`),
  CONSTRAINT `t_user_info_ibfk_1` FOREIGN KEY (`userid`) REFERENCES `t_user` (`id`)
) ENGINE=InnoDB DEFAULT CHARSET=utf8mb4;

-- ----------------------------
-- Records of t_user_info
-- ----------------------------
INSERT INTO `t_user_info` VALUES ('2A41E13E-09A4-FC18-BF89-177A33E71D2F', 'B98D1CCA-75CD-9656-73E4-CA94AA72EFD0', null, '2017-05-22 15:48:26', '127.0.0.1');
INSERT INTO `t_user_info` VALUES ('3550B04C-DE52-06D9-1283-2489C7F4F54A', 'EC9103DB-2B85-11E6-94AB-B888E3759F7F', '/assets/avatars/avatar2.png', '2017-06-12 12:54:04', '127.0.0.1');
INSERT INTO `t_user_info` VALUES ('AE0C50DD-95B1-4914-56AF-59DF5BB956B7', 'CB3FE9B2-2C58-2D40-3B31-193EDA866B03', null, '2017-05-19 10:58:25', '127.0.0.1');
INSERT INTO `t_user_info` VALUES ('B229800E-9EE6-C082-138B-0CC4BA13A689', '35159B24-92CB-A00A-8E1C-6BBC416DB1FD', 'data:image/png;base64,iVBORw0KGgoAAAANSUhEUgAAAIYAAACWCAYAAAAbr/AKAAAgAElEQVR4Xu1dB1hVxxL+6b1JlaIUkSpiAREbiqIo9oYtKDZir7GXJGri89kjYhc1Kio2VFQs9C5FQXrvvff2vt0rJDxRr2LhXu58n19uDnt2z878Z87uzOwMl79/QBM4xOHAvziQkBgHroqKGg4wOLBoxQEXF2cOMDiYeJ8DbQLD2no6rl+/CQcHe0hLS2P69Jktdx47dgRLl/6MqqpKuLk9pdfJ38k9IiLC6N27D1atWoObN53o3yZOnAwbmzmYMmUarl37G7dv3+fIgQU40AoY5eXlKCkpRmJiIn10V9eHLVPYt28//Z2Tk42jRw9jwYKF0NTs2fL3pUsXQUpKCuPGjceQIUPpdS8vTwwcaIqFC+fD0fEKbG1tcP68IwuwhfOI72kM8qY3a4jQ0BDEx8fB0LBPCwj27duDrVu3Iy4uthUwtm7dBAWFrlRbEGpuR36vWrUcYWGh9Lqnpy+H6yzAAc4agwWE9CMekQOMH8F1FhiTAwwWENKPeEQKjKamJo4d40dwvwOP6eR0jQOMDiyfH/ZoHGD8MNZ37IG/OTBmztn1TTkgLVUP+7/2ftMxvnXnRUVF1AbUkYgDjA4gDZYBhp+/J4qapBDlyzB5r1+/HtXV1Zg3bx79HRUVBQEBAcyePRtLly7FqVOnPsjej2mM40fWYOuO0ygrq4TlGBPaR0hoLHJyCunv5mviYsJwuvmizTGY1RjTp0+HiYkJff6vKYg5c+agvr4eTk4MF8Dp06fh7u6OixcvIj09Herq6p+E3td8nk8OxmQDpjVGWVkZNm7cCAcHB9o1MZ9fvXoVxsbGuHz5Mg4ePNjmkB8Dxoa11vSeyKhk6Omowqi/DkrLKhATk4qbzu6QlZWEiLAgPLzCPjgdZoFhZ2cHa2trCg5BQUGcP38etra2TLLpw83IvDMzM+n8z507Bw0NDQoOAgh9fX06JqGYmBhoaWm12RHLAaN///50IsHBwSDAEBMTw+7du+k/MlHytjQTadMWfQwYTn//Sm955OqHsZYDGSB5m4Tf9l5E924KSEnNxs9LJ+HkqbvtBsa/O2ieF9F0/fr1axc4CCCIFiL06tUr2h/RpOSlIeNYWVnR6y4uLh8ch+WA0S6OvbuZs/j8NBc5wPg0jz67BbOfks/u+Dve0CmB8R35yxnqK3KA6cXnVxyT0xULcIADDBYQ0o94RA4wfgTXWWBMDjBYQEg/4hE5wGCC63V1teDj46ctT5w4geXLlzNx18ebpKanoptyt1aN6urqwMfH1+6+45Pi0UOtR7v64QCDCfZxgMEEkzpjE2aBISMjgxUrVmDSpEnUOkzo7t22rbafozFIfyEhIejbty/mz59PTe/E7N61a9c2xcHRGN8JpcwCw8zMDB4eHggNDYWqqioFBRFkW/Q5wCD9TJ48mXaTlJRE+/4YcYDRwYCxZs0aGBoaYvDgwVBQUICoqOgHn/BzgEEA1xYRL25bxAFGBwPG5zzO5wDjc/olbb85MA4c+M/nPhNbtt+wYQO4uLjp3FatWgVuHsbv9tKRw0dadXHP9R64uLja2y10tXQ5u5J2c5HTQZsc4GxXOcDgAIODAeY58EGNER714XA65rvntPxcDvTWMfzcW75J+w8C49DZE1g0l7F35tA35EDtP1ta1xdumDlp6jccjPmuPxsYO0/7QFRYgI6wflYf8PDwMDVaQnwKNHp0Z6pt5JsopKakw9JqFKKjEqCto0HvS0pKQ0NDA3r0UIWnuw+Gmg1iqr8O3ahWFJGxEdDrqQ+WBsbLoDQY68hDXEgGNY1F4OVjAKOstBxV1fUozM9Dd7VuEBISwBkHR1RX12KG9WTIK8jQMPvk5DTk5xZAqosULl24iu27f8GDe64IDnqN4qIi7Nm/HU5XbyM9NQN/HtyNg/+xR8+e6hg/aQz8fRkBx4Z9eyE/vwDON1ywet3SDi33Tz4cq2sM8qYSeh1dhP7a6hAREUVhWRoFRnhYNNTVlSkwXjz1hvVcK9r2ryPn0FDXiNUbF6Oqsgo8vLxIS01HgF8opLuIwdPTH3v378DN63dRXFwBPf0e0NTqAVlZaRz44wS0tbTRVUUWz5++wKZta+DrHUD7NR08AI2Njfhzz2Fs3cmI0GZVKspn8JWQf3Ag635KXLziWyYybpA6uLm/jrHnSwUb4BuM0uIimI8x/+HP8iVzCA560+Jqz8wuYj1gEI1B1hM3n0e3zH/aCK2vYqn7Eoayyz1sAwyv4Hjoq6pBSlwC9Vwl9FOSmJBM5aSm3h3HDp2FjLwsJk22wKqfN9HrRN1XVFbi9IkLWLX+Z2zd+Bt4eXlw3fkcu8j3i+fB8sCoKK+i2uFNXCkG6KrTs6sVtbkUGFcu3IW0vBQsxw7DrKmLICPbBccd/oOQ4HBw8QhBWBDw9QnFLSdnHDu5H4UFZZSRRgMMvpihbHMjOyw+yafk0NUgiAoxwtxsx+vTNz8ruxBdFbqgpqYWni/9oNdLB4pKcggPjUTvPnotMgwPCUfvvr3h9tiDXiO7E4ALs37qxPYSdgEG27ypHWUi7AIMssbQU1VFF3HJljXGq6BQvHjmhbUblyE1OZ0aoSorq0CCWwUFBSAnL4/IyBjIy0uDn58P9sfOo5/pAEhLiNFtrq93EOYvmkVFFRbyBkEBIRg3cTReugXA2ESfrl02rNkBmwXW6NO/d0cR6dd5DlYHBhEyUfshkQUYoKvRao1B7AsV5ZUYNWY4SJ43shZpaGiE/bGz1G5hPMgExQX5tM2goQPg4x1CASEjq4D7t+9CQkIMm3eso4x+8dwL8TEJsJo4Bq8CIvEqJAi792zGg3uPISomBrMRbGDt/DekWB0YzdvVOy/i0UNJDtzcvNBSFWixfIYEvYG+gRZuOz+i07aePYmCpKa6BiQloNO1u9DV1UJ/497U3rB/zzFs2r4K16/eRX52HsZMtKD3vQoMQ2x0PNZu/BlFhYXw9Q7BzNkTEOQXjJzcQli9a/d1XtcO0Au7AKMDsJK9HoFdgNHWGoNIava0Rbh66ywO/ccB636xo8LLyMiHkpIM7tx1w80rjFREhMaOH4VHLm7ob9QPwUGvIN1FEgWFxbBZPBd9++rjzs0HKCmpwMYty5GamoUdm3+D49WTuHb5NlzuPaLjELp04Tp+WmCNnKxcZGXnQElZCa8CgjDGajTi4xKxc8s+aGtrY+eeDThl74ily2zofaSfWfOmdAyAsQMwyCcg8HU6jLW16SKyqr6g5VNSU1ODurp6nLa/jKXLf6IlKjat24XKqmpMmGyFURZDqCAWzluB4SOHwMvDn9o7+Pn5sev3TXB7/BLi4mKIi0tAXX09XodGYpaNNfKzs8EvwI+RFma4ccsVlSWFmDl7Gt0a37/zEHNtZsDXKwDl5RXQ1ddGcEAIDAwN0KOnKq5dccasuVPh5uoNCSkhkDS3xiZ9UVlRCRFREQ4wPsIBpt3uZI1BFpXhUYXo21MNAgJCKK/JosDIyMiBkpI86usbqHOLgIZQdVUNLp5xRH+T/hAVF6fXftvxJ8ZPtMTbiCg0NjVh3oJZyMspQG5WFioqKjDUfBjeRkRDXEIMBr11UVfXiLiYWJiYGuHajUeoKC7EoiVz4ecVgNLyWoy2HIInT70pgIaPHIrIN29RW9MIbV01PHRxg4XlCKipqiA8LALGJv1w2fEGQoLCsNDuJ+jra/94cLCDxmA29uLHc5uFnoBdgHHgcgAMNFVAotxH9JVv+ZT8WxTNW1ZyjWiagIBwKCvJoVt3ZezZdQjbf12HZ25eGGjaj+5QysqqICcnhbDQKIQEhWLqDCtISIqjvLwSL9w8MWHymFaSrq6ugYAAf4sDj8R58PLy4umjZ7AYOxK3r9+Bp3cgeLh5sOfPbVQzCQkJ0rGys3OhoCCHuto68L3TbKTziMg4qKsq0R0U0XjN2o/cQ14IMg/Sx1cndgGG56t0mOgqQ1hAAtUNhXRLWllVg/raatx6HIRFs0cjPy+P2jmOnn8I8cZiKsSpMydBXl4GRw85YPU6O6xetgVH7f+gfN6xZS/Ky6ow3Xo8Xj73pte27lyHk8cuYvGyeeDj40VcfAZuXLmOKdPH4+qVW3QNs3k7o2gOIWJQu3v7MWZYT8Cxg2ewbpMdXWOkpKRj87bViItNQHxsEh64PMb6X1ZCXaN1NFlSQjJiohNgYtofHu4+KCosQU52DmRkpDHHZgaNJ5HqIvnVcQFWBwZ5w+ibFVfSKlCnsbEBKSlpkJbphoqqUhzadxC7921GZkYOuLm5QF5B8mZ6vvTGmHEWNJKruLicLhJHjBoCHh5u2B8/j379DdHQUIfUlEykJKVg9Xo7ulN5FfwaEyZaIND/FTxe+GLj1pVUgIEB4Zhnw9hZFBeXISc7D6EhERARF0FcZFwLMAL8gqGjp40RIwdTYEhKieNtRDw0NNVhNoKRdLaZcnML0NTYAG8vf3CBh2qX3Jxs9NTqgaTETGzbtZoDjP8PBm42cFXX1rcwR4CP5714jKiEIuhodKy82B+TJtF4tTW14OXjoyD97sTqGqMZGKsOuUFIgOFd/cNuSMtxvcLCYnTpIomiwuIWlVtQUARpaeZAQj4FRYVFUFJWpH3X19WDl4/3g3IiawDi2a2qqqbbUGIlJffW1pIkJ3xtBhAREBBTPbnv/4lsf8kn77sTuwDDIygZfTSVICnaBbVNxXTxSbaoK5b+Avsz/8WG1Tup0UmvlzYqK6rAL8BHBUU/K+/sGBOnjIOQkDDcX3rSmM/XYREoKa5CWloqZs+bSn0sPLw8WLpsAfx9g3DK/iIuXDlBbRcJCanQ0dHAhDGzMGvudCgrK8LIxBAnj5/Hul+WIzMzF2Fhb1CUX0jTWhcVldI1BqHEhBQ0cfHD3e0lfa5A/yAaN7Jn90GodlPEXFuGI++7EqsDo6qyhvLrbWIpjLQ1ICwsjOKKDAqM2Jgk1NfXQldPC7FxSeipqUbbEjtGXHwKdHTU6a6BkO3c5Zg01aoFGLaL56GLtAwS4hNw19kFe/7cjts3H6CrojwGDjKC50tf+PoEYPP2tXBxeY5g/0Bs2bEeR/57gmoL85FmEBGTAPkKGPbVRUR4JJRUlJCVlUOdfvfvurYAw/XBM/TU1cPr4CDkFZQgPPQ1Tpw+gD9+O4SJU8fR5//uxOrAaP6UHLgc2MK79XP6s0QA7vFDDBP6ynWLvrvcPzkguwAjNpVRMoKQpooUJxj4k5L/RAN2AUZbwcBuj92p5jAdYoy/L95EdnY+tv+6Fs43GOW6LcaYQ0RUCGlp2XC57QINDVVU19ahtq4Bo8ZaIsDLg546I0TWG+RgEYnH8PEMhbSsOIYNN8FPs+xga2cL8xGMKgVsQ6wOjMqKarqADI8pbjNQJzgwHAsWz0ZKUgZio6NhOX40SkvLqIWULDT9fAIgKSWJp4+eY9gkawzpo4K6+kacPXMNOsZDYNaPkdrw/wN1nK474cqN09i/5ziyszJx+ATDKMY2xOrAaF5j/OnoD21VRrY4K1NluvhMSMyC+9MXWGg3h+5EEhIS0cvgnyBg0jYmKhFaOm1X+yG7mkcPn9M+czPzQEzec2ymQUJSDN4evhg8zJT+rbKyki562YrYBRhsJZSOMBl2AYZ7QBwMNNQgISaMJu4qqjEc/jpPYzFWrl1CA2vu3XLB0hW2OHvKEapq3TD23frB29Mf+gb6uOzohLzsPGp/IE6ygYON6dZyhvXEjiCq7/sM7AAMwrHgN/kw1mEcOKqsy6PAyMnOR2BAMExMB2LFEoZjy+nOBRAgDB76jz9ipd0vNEDGdJAx0lKyoWegQ/0VN288RPduimhqasCAgYxyW52G2AEYxP3sEZSBPprdaW5tPv6yFrc7CflX09DA8cP26CItRYNxnro+g7qGKkyHmKCxsQk3r92HkoocXYzy8vNj0CAGCK5cvoWUxBRs28XaJ9e/CMzsAowvmjznpg9zgF2AcftZJPRUlSEhwQ8ZSX6qMfz9guHvE4w1G+xw6MAJyoR1G5fjiSvjKOJoy2H0v1kZOXj+zAu5uTnQ76WDIP8QbNu9AYmJpD6pMs45XMVCu9nw8QrEoCFk3dGa/HwCkRCXiBmzp6KqshrnzlzCxKnjUVfbCFeXR/TAE8sRuwDDPzwFA7R1qGOMBOoQYJADR2Q98cvW1SgqKqHWUElJcYwYPAG9eung6Mn9LfJa9NNK7D2wiwbtbNv0OzVm2a1cguLCYqSlpKOoqIA6ttoiEgxcX1VJfS3C79I9kXZke7ts8Xqcv/wXy+GC5QN1/p1Rp5+WOoSEhFBSmdkCjGdPPbB91wbqhk9OSqW7kYL8Qjy49xQ2CxlFacn/e3sGQFtXk0aI377pgtraOhp9JSenAKuJ5jh20AFTZkxEb8PWdhB6f0Eh7t16hAVL5qCstALbNv2G6TMno7uaKny8/TB7bgc5EvA58GQXjfE5c+a0ZYID7AKMX8/6QEJUAPJdJDF9hFpL0MuTh88wetxIPHvig5GjGedLXR88h6WVOTxeeiMsNIJeI/Ge/yayW2mO1YiJSYKWlhoiXkdC30APbyOjoavXAUL8mZDvFzdhF2C8DMrAQD15iApKt6wxCFPmzlgCx2sOmDdzCcaMtcBPtjOQkpwOAQE+kBAdF5dnCA0Ow697N0NGVprGUpCoaxJRRULqjh06BwUlGQw0HQh/Hz+MtBgKAQFBCIsIUZ6vWbEFAwYYQaGrHN68iaKxFKNGm0GvtwFUlOQgKSXxxbL5oTeyOjBI0A1ZVL5NKKXBwERopVWMA0fE2tmtG8N/UlxcSheedFFYVYPQsCioq3aFoLAotm7chROn/9sih7Iy4vsQpMG9hQUF8PUKweoNC7Fn138hJCRKjxFovcvxef/OE+TlFUBdvRt4+flQVlqK+tpaiIlL4OULT/y2b+sPle8XD87qwGh2okUk5LXwQE9d5pvGY5DzIm8jYiEjrwDFrl2+mPcd+kZ2Aca+i34QFWQEza6Y0YclIrg4wPh8DnzW2VViEvcMToSBWjdIiUuhDoxg4H/Tzq1/Qt+wF/R0NVCYX4Sjhx1wwuE/cHZ2xZuw1zh59hBtnpOTT20Zi+evhsVYC/Dz88LCYhhNBV1ZVYXJUxlJZNmeWF1jNGfte5tQBiMddXpKvTlrX1ZmLs3QN27CKJrlV0NTg6ZViotNgpenHwaaDsCLZx7IzszC+SsMy+jf1x/Aerol1q3chgGmxoiKjsOOneuwZvlm6nibPW8622OCTpDVgdG8xthzwQ9Sooydgt0UA7qjIHk+ibOs+Qwp+VtFRSWaGpuQm5sHlW7K9JhhVkYW7jg/pvfOnDMZJcXFFGDKKoo0NYGwiHCrPjoFMtgFGJ1CWN9zkuwCjLaCga84OqGvkRE0NVVw95YrcnJzYDnWHEcOOkC9hyrWbmA4t0j+i9MnHVFWWgYxcTHqmu+hqUbjMUjgzsSpVuDn58LhAyeQnpaFdZuWo6SoBMOGt07I9sjlKXr16YMgf3/w8/Khd/9+2L5xJz0bUl9ThxlzWChvKKsDg9gkSCR4aFThe8HA9++44vGj5/Qk2rnTVxD9Ng7LVtnSI4NnTl7E8tWLKTDIEcHi4hIcO3gKo61GweXOQ0b1gRsPqRNtsd0caqvw8fRHXGwy1m6wAxc313tnSvf+ehCbtq3Go/tPICcni5CQ15CQlEDEmxjU1tTg4LHfv+c7376xWB0YzWuMy49ioKYoDS5wYYCeJN2V5OUW4M6tB1iyzAaOZ50x2KwfNHqo0uMDsTEJ2LJjLWOdVVNLva+O569j+epFuHLxBpYut8G+345gxZqFNNUSGSc/rxAXzl2F2fBB0NHtSXNlEDd7TEwcSivr4OvuRftbsXoRREVF6NHFnVv+gPmoYSgtr8C06ePaJ6zveTe7AON78qxTjMUuwHjhFwtDTXWIifKDi6eOaoyb1++gvr4Js+ZOodnxCJEMeWTt0d+4L7R1NOk1sq3tqigH8umZMNmSXiM7GnIkgOQZT8/IhoyMDOTkpfHCzQML7eYjKCAM4ycyDiMRKiuvwtmTF+kORqGrPDLSM8DDw4voyFjYrVwAT48ALF46h3UwxS7ACAjLgrFOD5oyoLIunwLj7KlLdP0xb/5M7NyyHxMmj6YHkomNwnbJXBqt1UwkfcHZU5exaOk8eiklORUaPdRw7NAZGA0whJqGGgJ8AykgVq5fCnk56VZCJt5Yf99AmqzN2eketHS0oKmlDj5eXvyx9wiEBAWxYfMKDjDayYHPsnwS4Ye9LaBONF5evhYD1+Xzd1BdW4r5C+fgkas7uqsowbCPDt68jqWZgfsb96KPmZyYhrLySvQy0IKXuz/6GhnQfBquD58B4EF4aDh27dkEkgWnu5oakuPS0MRV1yoHV1lZOZKTM2l/BXl5GDCwH6qqqrDq580wMzdDZlo6dv6+sZ1s+Y63s4vG+I4s6xxDsQswHF3CoaEoC24ubhj3kqWfkmdP3akQiSn7yMHTkJGWwCI7G4SFRMKwrx6NvfDx8kduVg5m28yE60N3WI4zQ1hIBAwMdVs54nKzc2nuLVVVFeTm5tOkaiNGDkWgfyjKy8toIli2InYBhm9oKgaQNQa/UKtAHSIsEr95yfEWeulpQktHE/v3HqFpl0iQ8JmTjliweC6SklJw/tRlyCsrIy8rE7/u3Qrnmw8wcxbjFJr7C2+aZJ6cdg/wCQefQBP9HegfgviYVMy2mcRWuGALXwmRCCmvaaRDMuqItJTXbJYUMV4tW8Q4NETyfROjmKCQALVNvHzuBSERSSjIS9DFJnGiRbx6hcT4ZEybNQ3TZzBsD8TAdeemC5Ysm49rl+7jhpMTbt27RDPklJSUQq8jZPP9mtBkF43xNXnC6YuNvKu/n/OFpCijhPeyqYY0iVpIUCT4BXigb6BNrZBkK5uTW0ATxRMaNXoo/S9JqhoVGQvTIUbvYSI+PpmW5u50xC4a40UQyQwsBzHBf0p4E3d7RUUVamoakJgQj5DA1xgy3ATq6mqIjU1Cn766VN7ErnHgyO94eP8JsjMLERHxGoeO78OaZZsxeepkmI9m5MHoVMTqwCAJUQjFJFdQOwY/vwDKqrPproTsOsg6gvgtnjx2h6CwCIYNNcKe3QdgNckKhoYMAxc57X7kxJ/YvH435GRlMWnaWAgICiDAPxwGBlrQ0unRqTBBJ8vqwGh2ojk+etMivJ8s9ZkKBr7n/AC1dfWYNmMi9ZZy6F8cYBdg3HGPbZnVxKE9OMHA7UU5uwCjrUCdhPgkgIsP6upKePjwJYyNDOihIm9PP9xyuofBZqaoLK+gieIVlRUxwnwo8knchZcf0tOzMGnKWGSkZ9HqQ336GoJfgBeZmdlQUVHCKftLNB5jwaJZCAlmLGb1emm1OtTcXtn80PtZHRjNwcAR8aUtGXWag4EzM7KRkpxGSzq4e/hh6BATeuzQxysAN67dwSiLkcjMzsTdWw9ofOeZi0fh+vAlXO4+pA6vF888UVVZh35GpMaqKs0KTPpUVFKAwwlHSEiIYObsKTSinNC5S8d/qCy/6uCsDozmNcavZ30hLioEccEmzB/fmxZ5IUQsk+SNz8zIgqIS41RadlYOgoPCoKXTE3U1tUhMTIbVhNF47uYO81FmCPIPhZZuDxQWFKOmtg6l5ZUw6qePB/ef0PvJ+dXqqmqIiQnTaLDm60qK8oh8G4/xkyZAQvwHJIb/mshgF2B8TZ5w+mKjXUlbawxSfcjh2EkcPLYH50/fQENDDWwXz0ZVVQ2ioxOgoiyHhIRkmA4eQOM+U1NzoKIiRysbLVwyjx49aKZXQeEgJcGJf+Slmz+6q8vDZKARVq/YgkmTx9Jq0GxFrK4xiIOMh5sbwRH57wUDb97wK60xtu/ALuzfexjGgwbCuL8+IiOioN9LjyZyfer6En379UZsbHyLXF0fulFgvAoKw3RrhnPs/RLer7B7zy+4c/sp+HiIQ200W+GCbewYd18mQbu7AqSEuSAtzUcNXE9d3eHnG0Drp7o+cIOYhARUVBTg5xuCkRbDQIJrrl2+ga0716O8rBxeHn4oKimHhLgIJCTEaYBw3/6GVODPnrgj+m0MrYlWUloGz5d+mD1vCny9ApGdk4Mp08ZzgPEdOPBZEVyc8prfQCKs/ilp3pU8841Fn57y4OMRg7BoE9UYHh7+lGPDhpng0B9H0djUiFUbVmDPrgNQUlbGT7Yz6U5ESkoSamrdcP3yDaiodaNJ1o4esIe4uAgN8Vu+1o6WwmxsaKTF8CzGDMXZkxeQlZmNX7avp2b3+3eeYubsCdTiGh+bjJduz2ky+/KKOvDxkCQsPODi5sYoy5G0iN5w89aHlb6BaNvXJbsAIyCclPDWalXCuzmCqzm6qjl5ys+L12OOjTWt137a/iL9bAwdbtoSj1Gck0Wz9mn2VIekpAzy8/NRW1tFF6OREdE4av8nSNK30pJSWlaT0E2ne5g+kxHUk56ejeT4ePQ3MaIZfUiFRR1dLQogL3c/iImJ0nLhHZrYARjNwcAkUIdk9y0qT6caY+/uwxg+ahCMB/RDTFQ8ggNewXreVLg9cadBvXKyUoh8Gwt1NRWa1S83Ow8xscmYM3cy5sxYQi2fYSFvwMPDD9ulc4GmBloLbfgoM0S+jkSg3yts3rGWRo+/fO6DVeuXUcsnqX8iLMxPXf2kfJXNu5pmSYlZ8Pb0pIHCHf7UPDsAg7PG+Aa6h12AcfBKAOSkhCEqJITxQ9SoxnB0vAUhYWHMmD4W9+4+QbfuKujTR5fm7ySm8YrySqSl5UBcXLilQnJifBK4eXhpUA9R/SRJm7RMF5oLNCo6AWPGMLIJsz2xCzC8QtJgotsdQvxirTIDZ2XmwHLcKLg980RZSTm0tdXhdPU2SO1VkrH3+Qs/GPTqCVlZxgGi82evwXbRLOr/0OihjpKiYvxxcBeWL9kIY5P+sLGdyfaYoFQsjXAAAAUuSURBVBNkdWA0l/B+HVsM43drjObymqQu6qw5UyEuIYYbV+/B3GIYePm48Sb8La5evom/Th2gjrJu3ZVpOWxCJBh4jrUVYqLjYH/sHI0wX7ZqIW5cvYONW1bRvjoFsTowmrernUJY33OS7AKMo9eDwcvDDT5eHiyc0Ksld0VZWQXExEToeqF5kUr8IuQf2c0Qak76SuwLkpL/aISUlHR0767cIg6SWIWHl4/mAGWW0tKzISYiDEkpRo7Rf1NhQRGtodIhiV2A4R6Ugn49FSEh8k8J7/CwaGSkpcLMfAic/r4HUTFBaovg5uaBcjcVuLq4gYeXmy5QG+oZFZ8JhYW+ge3iuTTRyrgJFvD2C8XggX1gf/w8TAcbQURUFCLCQjQug1BeXiEtw21kbIjTJy/BbrlNS193nR9Qg5l/QBhNJltSWIyeWhoIDXmN3r11Ydi3N/j4+ToeNlgdGCRQhxAJ1DHtpUkrHJXX5NBdCYm72LFlHxzOHabHCtet3EprsR/c/xf1i5AyWCIiQli7Yiu2797QIpxjh0+1cqIRn4mUlARNnzDcfChCAt9CoosQhpoxosevXb2H2zfu4NK1U1i7YgsczjFSQxIizyAqJopd2/6E+WgzGBsZQkhYCB4vvJGZnoFh5kOh2VODAwwmOfDZvpJtDoziNIR+XzLkh8d8nj/7Ny1uQ1JGs6SdhdU1RvPaISblnxLePbtxSngz+QJ+uBm7AKOtQJ2/Dp1EQ2MTVq61w6H/2lOj1RI7Gxw5dBpNTY1YuHgO/LwDKHMmTGGcUSXGL1J9YMmCNRgybBA9xSYtLUVjR+vr6jBiFMfA1W7QtaMDpj8lZI1BVHV4TNF7gTou95+Cn4+Xxl5YT1lIH+fG3QtwffAMomIi0NLSgHxXeZCKzM07FGLHmDDOjJ5Os7AchcsX/sb9x9cwa+pCurO5eutcSy2Udsyv49/KLhrD3vk1dLrL0Kx9gw3l3hPeDefHsLIcBmFhIcTHJYKbhw+5eflwe0Sy5gDmoxjnWEmQr493IOQVZLHk5/mIi0uCpqYazSgsIsJmZbo/Bs9aUSSmJkC9mwZcX7hh5qSpHQLMTGsMjoHrG8mL1TRGcWnRN+IEp9uPcUBSvGMY4j6oMTji69wc4ACjc8v/g7PnAIMDjDY5wAEGBxgcYHAwwDwHOBqDeV51qpYcYHQqcTM/WQ4wmOdVp2rJAUanEjfzk+UAg3ledaqWFBhVVbVNnWrWnMl+kgP37t0CV0VFDQcYn2RV52rg4uLccYARHRP1TbmvrfVPpaX/H+hbjq2hrkFjZFmJOhQwft+zE4kpjDzl34IunNn2wW6v/H3xWwxJ+7QaNxGSkh3Da8rsJDnAeMcpDjBaQ4blgDFtihlu3XbH+dObceT4TaxdNQPl7/Kcr1xz5KMvRHs0RteuXWn+jmlTp+Ha9WuYZT2LjhUZGYnXb15/dFyOxmBWT32gHTOfkmZgNHdhOcYEro8ZGX0+Re0BhqmpKXx9fd8bQl9fHxERERxgfIr57fk7s8B48jQQNj9Z4i97Z3wvYEwYPwHhr8OhpKgEXz9fiIqKwnSgKcTFxXHL+RYHGO0R/KfuZRYY5FPyb40xwqwvNm62/1T3aI/GIJ3z8fGhrq6u1TgmJibw9/+4xuJ8Sj4pmo83YAYY7RmivcD40rE5wPhSzr27jwOMdjLwK97eoXYl2dlZX3Fq73eloMBIft8WfcuxZWVlaf15VqIOBQxWYhy7PysFxt9/X+H4Sthd0p85P0VFRfwPXMdvn9OFSPgAAAAASUVORK5CYII=', '2017-06-12 12:41:55', '127.0.0.1');
INSERT INTO `t_user_info` VALUES ('B7EC4B71-9FC9-553C-B3AC-BA03165E7F44', '0BAFEC2D-0714-A933-E9A0-2978F83A229E', null, '2017-05-22 15:11:36', '127.0.0.1');
INSERT INTO `t_user_info` VALUES ('BBF193F1-9CC8-2EFF-53D6-53918DA23D5C', '61E5FC9B-7317-D9C7-43EC-33FCFA59BE02', null, '2016-08-08 15:42:46', '127.0.0.1');
INSERT INTO `t_user_info` VALUES ('DA7F3031-1440-4B5D-8A8F-8CCB48B8363B', 'C81DD204-581E-2153-9607-DDF96489B8AF', null, '2017-05-12 23:24:57', '127.0.0.1');
INSERT INTO `t_user_info` VALUES ('EE905307-ABD3-50B8-8296-99689D9DBF60', 'FB512EAC-74A7-FBC4-1B3A-BC1FE7175813', null, '2017-03-29 17:36:14', '127.0.0.1');

-- ----------------------------
-- Table structure for t_user_loginrecord
-- ----------------------------
DROP TABLE IF EXISTS `t_user_loginrecord`;
CREATE TABLE `t_user_loginrecord` (
  `id` char(36) NOT NULL,
  `userid` char(36) NOT NULL,
  `login_ip` varchar(100) CHARACTER SET utf8 DEFAULT NULL,
  `login_time` varchar(20) CHARACTER SET utf8 DEFAULT NULL,
  `login_date` varchar(20) CHARACTER SET utf8 DEFAULT NULL,
  `appid` char(36) DEFAULT NULL,
  PRIMARY KEY (`id`),
  KEY `userid` (`userid`),
  KEY `appid` (`appid`)
) ENGINE=InnoDB DEFAULT CHARSET=utf8mb4;

-- ----------------------------
-- Records of t_user_loginrecord
-- ----------------------------
INSERT INTO `t_user_loginrecord` VALUES ('0067B413-EE2D-A543-38DC-62751C0B3166', '35159B24-92CB-A00A-8E1C-6BBC416DB1FD', '127.0.0.1', '2017-05-15 09:16:06', '2017-05-15', '9CA6F639-40C0-B397-C382-9AC90FD40A9D');
INSERT INTO `t_user_loginrecord` VALUES ('0220122B-CFED-B8B1-53CC-FBF57120B168', '35159B24-92CB-A00A-8E1C-6BBC416DB1FD', '192.168.50.189', '2017-02-17 09:31:15', '2017-02-17', '9CA6F639-40C0-B397-C382-9AC90FD40A9D');
INSERT INTO `t_user_loginrecord` VALUES ('03029411-90B2-3865-BC17-20E08F659308', '0BAFEC2D-0714-A933-E9A0-2978F83A229E', '127.0.0.1', '2017-05-19 11:00:01', '2017-05-19', '9CA6F639-40C0-B397-C382-9AC90FD40A9D');
INSERT INTO `t_user_loginrecord` VALUES ('0360F494-9282-40F3-0EC5-22B36EFAC216', 'FB512EAC-74A7-FBC4-1B3A-BC1FE7175813', '127.0.0.1', '2016-12-03 19:58:22', '2016-12-03', '9CA6F639-40C0-B397-C382-9AC90FD40A9D');
INSERT INTO `t_user_loginrecord` VALUES ('03CF75AD-3F1E-FAD7-F82F-194CDA2BD2F4', 'EC9103DB-2B85-11E6-94AB-B888E3759F7F', '127.0.0.1', '2016-12-10 11:37:04', '2016-12-10', 'EC817B38-2B85-11E6-94AB-B888E3759F7F');
INSERT INTO `t_user_loginrecord` VALUES ('03FFEBA4-26B0-130B-1406-021167621569', '0BAFEC2D-0714-A933-E9A0-2978F83A229E', '127.0.0.1', '2017-05-22 15:11:36', '2017-05-22', '9CA6F639-40C0-B397-C382-9AC90FD40A9D');
INSERT INTO `t_user_loginrecord` VALUES ('04B878CD-E212-299C-0612-5E9D415461F9', 'B98D1CCA-75CD-9656-73E4-CA94AA72EFD0', '127.0.0.1', '2017-05-22 15:12:28', '2017-05-22', '9CA6F639-40C0-B397-C382-9AC90FD40A9D');
INSERT INTO `t_user_loginrecord` VALUES ('050F1065-9D57-9CD7-A019-C22636C2A67B', '35159B24-92CB-A00A-8E1C-6BBC416DB1FD', '127.0.0.1', '2017-05-22 15:46:49', '2017-05-22', '9CA6F639-40C0-B397-C382-9AC90FD40A9D');
INSERT INTO `t_user_loginrecord` VALUES ('07BE1D90-A14B-689B-D66F-25F38A1E73E3', '35159B24-92CB-A00A-8E1C-6BBC416DB1FD', '127.0.0.1', '2017-05-22 15:48:38', '2017-05-22', '9CA6F639-40C0-B397-C382-9AC90FD40A9D');
INSERT INTO `t_user_loginrecord` VALUES ('091B71B6-ECFF-6F81-532E-C476F4A38B27', '35159B24-92CB-A00A-8E1C-6BBC416DB1FD', '127.0.0.1', '2016-11-19 13:38:41', '2016-11-19', '9CA6F639-40C0-B397-C382-9AC90FD40A9D');
INSERT INTO `t_user_loginrecord` VALUES ('09677A39-EA04-61B2-7559-879D69251512', '35159B24-92CB-A00A-8E1C-6BBC416DB1FD', '127.0.0.1', '2016-11-13 15:09:35', '2016-11-13', '9CA6F639-40C0-B397-C382-9AC90FD40A9D');
INSERT INTO `t_user_loginrecord` VALUES ('098E661F-F14E-D3F6-6E92-3DD4F23CABF3', 'C81DD204-581E-2153-9607-DDF96489B8AF', '127.0.0.1', '2017-05-12 16:27:20', '2017-05-12', '9CA6F639-40C0-B397-C382-9AC90FD40A9D');
INSERT INTO `t_user_loginrecord` VALUES ('09A1A666-C8F5-B835-08D3-59C3150D2690', 'EC9103DB-2B85-11E6-94AB-B888E3759F7F', '127.0.0.1', '2016-12-26 21:56:42', '2016-12-26', 'EC817B38-2B85-11E6-94AB-B888E3759F7F');
INSERT INTO `t_user_loginrecord` VALUES ('0BD944F4-F5AE-7F2D-4D46-B57AA9BA0332', 'EC9103DB-2B85-11E6-94AB-B888E3759F7F', '127.0.0.1', '2017-05-19 10:59:13', '2017-05-19', 'EC817B38-2B85-11E6-94AB-B888E3759F7F');
INSERT INTO `t_user_loginrecord` VALUES ('0CCCB5BE-5209-7969-AA05-334E2572E015', 'CB3FE9B2-2C58-2D40-3B31-193EDA866B03', '127.0.0.1', '2017-05-19 10:58:25', '2017-05-19', '9CA6F639-40C0-B397-C382-9AC90FD40A9D');
INSERT INTO `t_user_loginrecord` VALUES ('0D25D308-97CB-2980-8400-D8B97E3327FC', '35159B24-92CB-A00A-8E1C-6BBC416DB1FD', '127.0.0.1', '2016-12-29 13:31:17', '2016-12-29', '9CA6F639-40C0-B397-C382-9AC90FD40A9D');
INSERT INTO `t_user_loginrecord` VALUES ('0E1DEA45-76D4-5072-B94D-CA78FE524D43', '35159B24-92CB-A00A-8E1C-6BBC416DB1FD', '127.0.0.1', '2016-11-14 16:44:58', '2016-11-14', '9CA6F639-40C0-B397-C382-9AC90FD40A9D');
INSERT INTO `t_user_loginrecord` VALUES ('1067C6BB-A5E2-9794-8B06-5503D6831AFD', 'C81DD204-581E-2153-9607-DDF96489B8AF', '127.0.0.1', '2017-05-12 12:58:44', '2017-05-12', '9CA6F639-40C0-B397-C382-9AC90FD40A9D');
INSERT INTO `t_user_loginrecord` VALUES ('10C2C8E5-BBD9-32EA-F08E-3FA10D678B78', 'EC9103DB-2B85-11E6-94AB-B888E3759F7F', '127.0.0.1', '2016-11-25 05:09:59', '2016-11-25', 'EC817B38-2B85-11E6-94AB-B888E3759F7F');
INSERT INTO `t_user_loginrecord` VALUES ('1152824A-8A45-F2A2-03E1-2063348D2463', '35159B24-92CB-A00A-8E1C-6BBC416DB1FD', '127.0.0.1', '2016-12-12 12:00:41', '2016-12-12', '9CA6F639-40C0-B397-C382-9AC90FD40A9D');
INSERT INTO `t_user_loginrecord` VALUES ('147A070E-07BD-03CC-FDD0-7FE8D66CF63B', '35159B24-92CB-A00A-8E1C-6BBC416DB1FD', '127.0.0.1', '2016-11-23 22:08:00', '2016-11-23', '9CA6F639-40C0-B397-C382-9AC90FD40A9D');
INSERT INTO `t_user_loginrecord` VALUES ('14C02BE8-3C1D-2FC1-E941-B775576EE333', '35159B24-92CB-A00A-8E1C-6BBC416DB1FD', '127.0.0.1', '2017-05-03 16:05:00', '2017-05-03', '9CA6F639-40C0-B397-C382-9AC90FD40A9D');
INSERT INTO `t_user_loginrecord` VALUES ('1554A67C-569C-913C-0B3D-67B906DCAB9F', '35159B24-92CB-A00A-8E1C-6BBC416DB1FD', '127.0.0.1', '2017-01-10 17:12:10', '2017-01-10', '9CA6F639-40C0-B397-C382-9AC90FD40A9D');
INSERT INTO `t_user_loginrecord` VALUES ('17D05FF9-39A7-4E49-B022-ED8085605671', '35159B24-92CB-A00A-8E1C-6BBC416DB1FD', '127.0.0.1', '2017-05-16 14:26:51', '2017-05-16', '9CA6F639-40C0-B397-C382-9AC90FD40A9D');
INSERT INTO `t_user_loginrecord` VALUES ('181DB80F-A821-305A-82CE-AD4890A042D1', 'EC9103DB-2B85-11E6-94AB-B888E3759F7F', '127.0.0.1', '2017-05-12 13:18:40', '2017-05-12', 'EC817B38-2B85-11E6-94AB-B888E3759F7F');
INSERT INTO `t_user_loginrecord` VALUES ('1917E9A2-0AF1-D5D4-7659-1D95AD9BB045', '35159B24-92CB-A00A-8E1C-6BBC416DB1FD', '127.0.0.1', '2017-01-20 21:51:31', '2017-01-20', '9CA6F639-40C0-B397-C382-9AC90FD40A9D');
INSERT INTO `t_user_loginrecord` VALUES ('196F8EE5-3995-8F77-4C3F-F9FC0718BD53', '35159B24-92CB-A00A-8E1C-6BBC416DB1FD', '192.168.50.189', '2016-12-08 10:03:39', '2016-12-08', '9CA6F639-40C0-B397-C382-9AC90FD40A9D');
INSERT INTO `t_user_loginrecord` VALUES ('199F37D3-7AD5-FDFE-130F-E959D7A59158', 'EC9103DB-2B85-11E6-94AB-B888E3759F7F', '127.0.0.1', '2016-11-14 15:38:42', '2016-11-14', 'EC817B38-2B85-11E6-94AB-B888E3759F7F');
INSERT INTO `t_user_loginrecord` VALUES ('1A531398-3D57-2450-7DE8-8438D43E7E8E', '35159B24-92CB-A00A-8E1C-6BBC416DB1FD', '127.0.0.1', '2017-05-13 22:05:06', '2017-05-13', '9CA6F639-40C0-B397-C382-9AC90FD40A9D');
INSERT INTO `t_user_loginrecord` VALUES ('1B51EF56-630D-3FE0-29EC-6639CAB530B1', '35159B24-92CB-A00A-8E1C-6BBC416DB1FD', '127.0.0.1', '2017-05-22 15:12:42', '2017-05-22', '9CA6F639-40C0-B397-C382-9AC90FD40A9D');
INSERT INTO `t_user_loginrecord` VALUES ('1B6AFE7A-1A2C-9A51-E5B4-F18E70F88440', '35159B24-92CB-A00A-8E1C-6BBC416DB1FD', '127.0.0.1', '2016-12-27 11:33:23', '2016-12-27', '9CA6F639-40C0-B397-C382-9AC90FD40A9D');
INSERT INTO `t_user_loginrecord` VALUES ('1B798D88-986B-ED86-7DCF-71E8C32CC757', '35159B24-92CB-A00A-8E1C-6BBC416DB1FD', '192.168.50.189', '2016-12-29 10:43:35', '2016-12-29', '9CA6F639-40C0-B397-C382-9AC90FD40A9D');
INSERT INTO `t_user_loginrecord` VALUES ('1BA7717E-676D-F8FF-8E85-EC5562EE63C0', '35159B24-92CB-A00A-8E1C-6BBC416DB1FD', '127.0.0.1', '2016-11-25 18:55:56', '2016-11-25', '9CA6F639-40C0-B397-C382-9AC90FD40A9D');
INSERT INTO `t_user_loginrecord` VALUES ('1CFAD918-DD07-1C52-0676-C10835198FA5', '35159B24-92CB-A00A-8E1C-6BBC416DB1FD', '127.0.0.1', '2016-11-24 01:46:28', '2016-11-24', '9CA6F639-40C0-B397-C382-9AC90FD40A9D');
INSERT INTO `t_user_loginrecord` VALUES ('1D7927BA-9D3C-4A9E-F2F7-02199FFE76EC', '35159B24-92CB-A00A-8E1C-6BBC416DB1FD', '127.0.0.1', '2016-12-15 17:46:06', '2016-12-15', '9CA6F639-40C0-B397-C382-9AC90FD40A9D');
INSERT INTO `t_user_loginrecord` VALUES ('1D889532-EA1E-1F93-A29B-1FAD4FC4B483', 'EC9103DB-2B85-11E6-94AB-B888E3759F7F', '127.0.0.1', '2017-05-12 09:04:11', '2017-05-12', 'EC817B38-2B85-11E6-94AB-B888E3759F7F');
INSERT INTO `t_user_loginrecord` VALUES ('1E1B001F-AAC2-91CF-8166-8CB8A3BDF796', '35159B24-92CB-A00A-8E1C-6BBC416DB1FD', '127.0.0.1', '2016-12-06 13:29:14', '2016-12-06', '9CA6F639-40C0-B397-C382-9AC90FD40A9D');
INSERT INTO `t_user_loginrecord` VALUES ('1E4AC29E-E50C-FC41-74A1-D98D0A49DEFB', '35159B24-92CB-A00A-8E1C-6BBC416DB1FD', '127.0.0.1', '2017-02-24 10:35:54', '2017-02-24', '9CA6F639-40C0-B397-C382-9AC90FD40A9D');
INSERT INTO `t_user_loginrecord` VALUES ('1F2C5696-C773-AE56-389D-313019498960', '35159B24-92CB-A00A-8E1C-6BBC416DB1FD', '127.0.0.1', '2016-12-26 16:19:06', '2016-12-26', '9CA6F639-40C0-B397-C382-9AC90FD40A9D');
INSERT INTO `t_user_loginrecord` VALUES ('1F367F6E-C60F-FC44-DDEA-037E78DD64BA', 'EC9103DB-2B85-11E6-94AB-B888E3759F7F', '127.0.0.1', '2016-12-06 13:15:53', '2016-12-06', 'EC817B38-2B85-11E6-94AB-B888E3759F7F');
INSERT INTO `t_user_loginrecord` VALUES ('1F944AEC-1294-5AEE-C728-47DE08565828', '35159B24-92CB-A00A-8E1C-6BBC416DB1FD', '127.0.0.1', '2017-05-03 14:52:34', '2017-05-03', '9CA6F639-40C0-B397-C382-9AC90FD40A9D');
INSERT INTO `t_user_loginrecord` VALUES ('21062F0A-DCE7-97E2-8B93-F44588D71A12', '35159B24-92CB-A00A-8E1C-6BBC416DB1FD', '127.0.0.1', '2017-05-11 17:40:03', '2017-05-11', '9CA6F639-40C0-B397-C382-9AC90FD40A9D');
INSERT INTO `t_user_loginrecord` VALUES ('2124310C-EF69-FB8E-B148-B0E3EA52D9B1', '35159B24-92CB-A00A-8E1C-6BBC416DB1FD', '127.0.0.1', '2016-12-05 09:14:32', '2016-12-05', '9CA6F639-40C0-B397-C382-9AC90FD40A9D');
INSERT INTO `t_user_loginrecord` VALUES ('21F3427A-28B4-C536-F882-B640243544CB', '35159B24-92CB-A00A-8E1C-6BBC416DB1FD', '127.0.0.1', '2016-11-21 22:56:45', '2016-11-21', '9CA6F639-40C0-B397-C382-9AC90FD40A9D');
INSERT INTO `t_user_loginrecord` VALUES ('221519AD-D848-7A3A-43B4-9024DD4E61E6', '35159B24-92CB-A00A-8E1C-6BBC416DB1FD', '127.0.0.1', '2016-12-07 16:06:50', '2016-12-07', '9CA6F639-40C0-B397-C382-9AC90FD40A9D');
INSERT INTO `t_user_loginrecord` VALUES ('223C1019-FE67-C2C6-F9F0-77F61D862E92', '35159B24-92CB-A00A-8E1C-6BBC416DB1FD', '127.0.0.1', '2016-12-28 16:39:37', '2016-12-28', '9CA6F639-40C0-B397-C382-9AC90FD40A9D');
INSERT INTO `t_user_loginrecord` VALUES ('236F2756-DCE0-B83B-BB27-B5B3D4FC02AC', '35159B24-92CB-A00A-8E1C-6BBC416DB1FD', '127.0.0.1', '2016-12-15 16:39:43', '2016-12-15', '9CA6F639-40C0-B397-C382-9AC90FD40A9D');
INSERT INTO `t_user_loginrecord` VALUES ('23821A47-0735-CE5E-7935-83AC7CD8D73B', 'EC9103DB-2B85-11E6-94AB-B888E3759F7F', '127.0.0.1', '2017-05-16 15:04:11', '2017-05-16', 'EC817B38-2B85-11E6-94AB-B888E3759F7F');
INSERT INTO `t_user_loginrecord` VALUES ('23D082D3-FB11-9A4F-51BB-AC71D9DA3C04', '35159B24-92CB-A00A-8E1C-6BBC416DB1FD', '127.0.0.1', '2017-06-05 14:18:24', '2017-06-05', '9CA6F639-40C0-B397-C382-9AC90FD40A9D');
INSERT INTO `t_user_loginrecord` VALUES ('2475A72E-E49F-E755-E614-75C174B4D196', 'EC9103DB-2B85-11E6-94AB-B888E3759F7F', '127.0.0.1', '2016-12-28 21:13:58', '2016-12-28', 'EC817B38-2B85-11E6-94AB-B888E3759F7F');
INSERT INTO `t_user_loginrecord` VALUES ('27E8A01D-52E5-89F3-FAFD-DEBBAD425803', '35159B24-92CB-A00A-8E1C-6BBC416DB1FD', '127.0.0.1', '2016-12-14 23:07:07', '2016-12-14', '9CA6F639-40C0-B397-C382-9AC90FD40A9D');
INSERT INTO `t_user_loginrecord` VALUES ('2B442D41-296F-39BA-92A7-2174F6BFD338', '35159B24-92CB-A00A-8E1C-6BBC416DB1FD', '127.0.0.1', '2017-05-22 14:42:19', '2017-05-22', '9CA6F639-40C0-B397-C382-9AC90FD40A9D');
INSERT INTO `t_user_loginrecord` VALUES ('2CBF7150-C239-CD93-EEAD-FD97FE61231C', '35159B24-92CB-A00A-8E1C-6BBC416DB1FD', '127.0.0.1', '2017-01-20 17:53:50', '2017-01-20', '9CA6F639-40C0-B397-C382-9AC90FD40A9D');
INSERT INTO `t_user_loginrecord` VALUES ('2D29A6CA-C73A-CBCA-F3A5-10F374C446DF', '35159B24-92CB-A00A-8E1C-6BBC416DB1FD', '127.0.0.1', '2017-01-06 14:51:30', '2017-01-06', '9CA6F639-40C0-B397-C382-9AC90FD40A9D');
INSERT INTO `t_user_loginrecord` VALUES ('2D57C0DE-A97E-4557-9711-089306D7DCE6', 'EC9103DB-2B85-11E6-94AB-B888E3759F7F', '127.0.0.1', '2016-12-06 13:18:53', '2016-12-06', 'EC817B38-2B85-11E6-94AB-B888E3759F7F');
INSERT INTO `t_user_loginrecord` VALUES ('2E4C458B-A829-5533-6B33-CEFFC99DE901', '35159B24-92CB-A00A-8E1C-6BBC416DB1FD', '192.168.50.189', '2016-12-29 10:21:50', '2016-12-29', '9CA6F639-40C0-B397-C382-9AC90FD40A9D');
INSERT INTO `t_user_loginrecord` VALUES ('2FEF8C59-B385-BEC8-D5FC-62307ACCA417', 'EC9103DB-2B85-11E6-94AB-B888E3759F7F', '127.0.0.1', '2016-11-21 22:58:30', '2016-11-21', 'EC817B38-2B85-11E6-94AB-B888E3759F7F');
INSERT INTO `t_user_loginrecord` VALUES ('30CA2E47-3D85-ADFA-10AF-D2CBAD96ECCA', '35159B24-92CB-A00A-8E1C-6BBC416DB1FD', '127.0.0.1', '2016-11-19 16:14:57', '2016-11-19', '9CA6F639-40C0-B397-C382-9AC90FD40A9D');
INSERT INTO `t_user_loginrecord` VALUES ('31A08214-B202-332E-8A23-535DFF435155', '35159B24-92CB-A00A-8E1C-6BBC416DB1FD', '127.0.0.1', '2016-12-09 18:55:12', '2016-12-09', '9CA6F639-40C0-B397-C382-9AC90FD40A9D');
INSERT INTO `t_user_loginrecord` VALUES ('32287586-1C7C-4F1B-4214-3AEC045C1532', '35159B24-92CB-A00A-8E1C-6BBC416DB1FD', '127.0.0.1', '2016-11-18 20:48:59', '2016-11-18', '9CA6F639-40C0-B397-C382-9AC90FD40A9D');
INSERT INTO `t_user_loginrecord` VALUES ('324609FA-DBCB-2179-2971-473D9A761590', '35159B24-92CB-A00A-8E1C-6BBC416DB1FD', '127.0.0.1', '2016-12-06 09:14:05', '2016-12-06', '9CA6F639-40C0-B397-C382-9AC90FD40A9D');
INSERT INTO `t_user_loginrecord` VALUES ('33189DF9-AFE9-93BA-8193-9D2A18C81393', 'EC9103DB-2B85-11E6-94AB-B888E3759F7F', '127.0.0.1', '2017-05-11 13:24:23', '2017-05-11', 'EC817B38-2B85-11E6-94AB-B888E3759F7F');
INSERT INTO `t_user_loginrecord` VALUES ('339E9EB6-B2E8-4888-A269-A4068A19A642', '35159B24-92CB-A00A-8E1C-6BBC416DB1FD', '127.0.0.1', '2017-05-12 16:27:08', '2017-05-12', '9CA6F639-40C0-B397-C382-9AC90FD40A9D');
INSERT INTO `t_user_loginrecord` VALUES ('33BEC312-B30D-08F8-2BB0-E88B35FE1246', '35159B24-92CB-A00A-8E1C-6BBC416DB1FD', '127.0.0.1', '2016-12-15 13:55:00', '2016-12-15', 'EC817B38-2B85-11E6-94AB-B888E3759F7F');
INSERT INTO `t_user_loginrecord` VALUES ('36344E54-1DBF-9794-695F-0BBE0A8AA5B4', '35159B24-92CB-A00A-8E1C-6BBC416DB1FD', '127.0.0.1', '2016-12-09 14:20:43', '2016-12-09', '9CA6F639-40C0-B397-C382-9AC90FD40A9D');
INSERT INTO `t_user_loginrecord` VALUES ('370FA373-53C1-A8CD-C3CB-86D684B2CBD8', 'EC9103DB-2B85-11E6-94AB-B888E3759F7F', '127.0.0.1', '2017-05-15 14:30:25', '2017-05-15', 'EC817B38-2B85-11E6-94AB-B888E3759F7F');
INSERT INTO `t_user_loginrecord` VALUES ('37A4C33D-605C-7D78-4993-E1A442F87518', '35159B24-92CB-A00A-8E1C-6BBC416DB1FD', '127.0.0.1', '2016-12-27 18:26:06', '2016-12-27', '9CA6F639-40C0-B397-C382-9AC90FD40A9D');
INSERT INTO `t_user_loginrecord` VALUES ('38A67DC6-7D8B-28E1-7241-72A1E693B17D', 'EC9103DB-2B85-11E6-94AB-B888E3759F7F', '127.0.0.1', '2016-12-27 18:27:43', '2016-12-27', 'EC817B38-2B85-11E6-94AB-B888E3759F7F');
INSERT INTO `t_user_loginrecord` VALUES ('38D2509C-B719-F52B-FB5E-7B116BF52F03', 'EC9103DB-2B85-11E6-94AB-B888E3759F7F', '127.0.0.1', '2016-11-21 23:26:12', '2016-11-21', 'EC817B38-2B85-11E6-94AB-B888E3759F7F');
INSERT INTO `t_user_loginrecord` VALUES ('3B08CCC4-2EAB-51E0-674A-15AAE9F56F2A', '35159B24-92CB-A00A-8E1C-6BBC416DB1FD', '127.0.0.1', '2016-11-21 20:22:36', '2016-11-21', '9CA6F639-40C0-B397-C382-9AC90FD40A9D');
INSERT INTO `t_user_loginrecord` VALUES ('3BE4B25F-0261-B6FC-F8D2-69AB2BBB6704', '35159B24-92CB-A00A-8E1C-6BBC416DB1FD', '127.0.0.1', '2016-11-21 23:02:39', '2016-11-21', '9CA6F639-40C0-B397-C382-9AC90FD40A9D');
INSERT INTO `t_user_loginrecord` VALUES ('3C37B83E-6A6C-40F7-3796-BE7EC9DBC0E2', '35159B24-92CB-A00A-8E1C-6BBC416DB1FD', '127.0.0.1', '2016-12-30 16:07:40', '2016-12-30', '9CA6F639-40C0-B397-C382-9AC90FD40A9D');
INSERT INTO `t_user_loginrecord` VALUES ('3C5FC83A-3DF7-AA9D-DCBE-3B31C3032AA9', 'EC9103DB-2B85-11E6-94AB-B888E3759F7F', '127.0.0.1', '2016-12-13 15:11:41', '2016-12-13', 'EC817B38-2B85-11E6-94AB-B888E3759F7F');
INSERT INTO `t_user_loginrecord` VALUES ('3CDD190C-0C14-5F92-428D-09A20E86D552', 'EC9103DB-2B85-11E6-94AB-B888E3759F7F', '127.0.0.1', '2017-06-12 12:49:16', '2017-06-12', 'EC817B38-2B85-11E6-94AB-B888E3759F7F');
INSERT INTO `t_user_loginrecord` VALUES ('43643BE9-8E25-8676-BDDF-E748016C5F65', '35159B24-92CB-A00A-8E1C-6BBC416DB1FD', '127.0.0.1', '2017-05-05 10:56:03', '2017-05-05', '9CA6F639-40C0-B397-C382-9AC90FD40A9D');
INSERT INTO `t_user_loginrecord` VALUES ('462C3206-6820-82CB-B1DC-9E152031E025', '35159B24-92CB-A00A-8E1C-6BBC416DB1FD', '127.0.0.1', '2017-01-20 22:00:29', '2017-01-20', '9CA6F639-40C0-B397-C382-9AC90FD40A9D');
INSERT INTO `t_user_loginrecord` VALUES ('46BA859C-CA82-01E2-A718-313B682A4425', '35159B24-92CB-A00A-8E1C-6BBC416DB1FD', '127.0.0.1', '2017-05-16 14:28:27', '2017-05-16', '9CA6F639-40C0-B397-C382-9AC90FD40A9D');
INSERT INTO `t_user_loginrecord` VALUES ('4870B058-2870-9B6A-75CD-DF3A90A0589F', 'C81DD204-581E-2153-9607-DDF96489B8AF', '127.0.0.1', '2017-05-03 17:52:17', '2017-05-03', '9CA6F639-40C0-B397-C382-9AC90FD40A9D');
INSERT INTO `t_user_loginrecord` VALUES ('49896F53-C79F-B861-9D4A-11625E5CAB69', '35159B24-92CB-A00A-8E1C-6BBC416DB1FD', '127.0.0.1', '2016-12-27 11:42:00', '2016-12-27', '9CA6F639-40C0-B397-C382-9AC90FD40A9D');
INSERT INTO `t_user_loginrecord` VALUES ('4FBF4FE2-40D5-9569-88D4-9647AE293F00', '35159B24-92CB-A00A-8E1C-6BBC416DB1FD', '127.0.0.1', '2017-05-12 13:26:33', '2017-05-12', '9CA6F639-40C0-B397-C382-9AC90FD40A9D');
INSERT INTO `t_user_loginrecord` VALUES ('553C616C-10EF-23B5-22BD-8CB49F703D27', '35159B24-92CB-A00A-8E1C-6BBC416DB1FD', '127.0.0.1', '2016-12-13 16:57:35', '2016-12-13', '9CA6F639-40C0-B397-C382-9AC90FD40A9D');
INSERT INTO `t_user_loginrecord` VALUES ('58611718-33E0-129A-6161-03DB4057C01A', 'B98D1CCA-75CD-9656-73E4-CA94AA72EFD0', '127.0.0.1', '2017-05-22 15:38:55', '2017-05-22', '9CA6F639-40C0-B397-C382-9AC90FD40A9D');
INSERT INTO `t_user_loginrecord` VALUES ('5875AFA4-D61B-0BEE-40EE-6A7F2DFD42E7', 'C81DD204-581E-2153-9607-DDF96489B8AF', '127.0.0.1', '2017-05-12 22:01:42', '2017-05-12', '9CA6F639-40C0-B397-C382-9AC90FD40A9D');
INSERT INTO `t_user_loginrecord` VALUES ('58917FE5-63D1-6BB4-12F6-974E4DE6CA1D', 'EC9103DB-2B85-11E6-94AB-B888E3759F7F', '127.0.0.1', '2016-12-15 15:53:28', '2016-12-15', 'EC817B38-2B85-11E6-94AB-B888E3759F7F');
INSERT INTO `t_user_loginrecord` VALUES ('598DA56A-22D7-661E-3FF1-30C6171E1DAA', 'EC9103DB-2B85-11E6-94AB-B888E3759F7F', '127.0.0.1', '2016-12-27 15:39:13', '2016-12-27', 'EC817B38-2B85-11E6-94AB-B888E3759F7F');
INSERT INTO `t_user_loginrecord` VALUES ('5A9F2976-3F7D-D8A4-6601-89E7F5F4B1E5', 'EC9103DB-2B85-11E6-94AB-B888E3759F7F', '127.0.0.1', '2016-12-04 22:02:50', '2016-12-04', 'EC817B38-2B85-11E6-94AB-B888E3759F7F');
INSERT INTO `t_user_loginrecord` VALUES ('5C3FD422-0ADE-0763-718D-0B95E4E7317C', '35159B24-92CB-A00A-8E1C-6BBC416DB1FD', '127.0.0.1', '2017-05-11 16:11:06', '2017-05-11', '9CA6F639-40C0-B397-C382-9AC90FD40A9D');
INSERT INTO `t_user_loginrecord` VALUES ('5C9E16CD-112C-8E65-0028-A1CC80B759A9', '35159B24-92CB-A00A-8E1C-6BBC416DB1FD', '127.0.0.1', '2016-12-16 13:06:33', '2016-12-16', '9CA6F639-40C0-B397-C382-9AC90FD40A9D');
INSERT INTO `t_user_loginrecord` VALUES ('5E0C0E9A-EBD3-52AD-0094-3C28FD038234', 'EC9103DB-2B85-11E6-94AB-B888E3759F7F', '127.0.0.1', '2016-12-15 16:40:17', '2016-12-15', 'EC817B38-2B85-11E6-94AB-B888E3759F7F');
INSERT INTO `t_user_loginrecord` VALUES ('5E9AED64-E1E6-64D4-ACF1-FBFF5D120EC0', '35159B24-92CB-A00A-8E1C-6BBC416DB1FD', '127.0.0.1', '2016-12-05 17:46:58', '2016-12-05', '9CA6F639-40C0-B397-C382-9AC90FD40A9D');
INSERT INTO `t_user_loginrecord` VALUES ('604B25C9-DD07-2C6C-9F12-E1C4D142FE8C', '35159B24-92CB-A00A-8E1C-6BBC416DB1FD', '127.0.0.1', '2016-12-01 16:10:46', '2016-12-01', '9CA6F639-40C0-B397-C382-9AC90FD40A9D');
INSERT INTO `t_user_loginrecord` VALUES ('60A2140A-FA34-9C7D-01CB-CE54E6805BE5', '35159B24-92CB-A00A-8E1C-6BBC416DB1FD', '127.0.0.1', '2017-05-04 09:50:04', '2017-05-04', '9CA6F639-40C0-B397-C382-9AC90FD40A9D');
INSERT INTO `t_user_loginrecord` VALUES ('611E6723-E0FC-055C-3929-F0CF8A709E0E', '35159B24-92CB-A00A-8E1C-6BBC416DB1FD', '127.0.0.1', '2016-12-11 13:59:41', '2016-12-11', '9CA6F639-40C0-B397-C382-9AC90FD40A9D');
INSERT INTO `t_user_loginrecord` VALUES ('6132DD89-E8D5-6597-2119-D5F71CA19B21', '35159B24-92CB-A00A-8E1C-6BBC416DB1FD', '127.0.0.1', '2016-11-19 18:38:19', '2016-11-19', '9CA6F639-40C0-B397-C382-9AC90FD40A9D');
INSERT INTO `t_user_loginrecord` VALUES ('626CD541-C9D8-13CC-0461-BB61725E45F4', '35159B24-92CB-A00A-8E1C-6BBC416DB1FD', '127.0.0.1', '2016-12-06 13:15:38', '2016-12-06', '9CA6F639-40C0-B397-C382-9AC90FD40A9D');
INSERT INTO `t_user_loginrecord` VALUES ('63E39176-F3F8-769B-5035-F697FE6B609A', 'EC9103DB-2B85-11E6-94AB-B888E3759F7F', '127.0.0.1', '2017-03-29 17:29:47', '2017-03-29', 'EC817B38-2B85-11E6-94AB-B888E3759F7F');
INSERT INTO `t_user_loginrecord` VALUES ('63EA9848-EB63-6CEA-C3BB-BF00D9FA5DC0', '35159B24-92CB-A00A-8E1C-6BBC416DB1FD', '127.0.0.1', '2016-12-09 20:42:25', '2016-12-09', '9CA6F639-40C0-B397-C382-9AC90FD40A9D');
INSERT INTO `t_user_loginrecord` VALUES ('63F544EC-A45B-2283-589C-FB55C99046E0', 'EC9103DB-2B85-11E6-94AB-B888E3759F7F', '127.0.0.1', '2016-12-15 17:46:47', '2016-12-15', 'EC817B38-2B85-11E6-94AB-B888E3759F7F');
INSERT INTO `t_user_loginrecord` VALUES ('6431D43C-A5E4-F4FF-FB0F-08DEAF744E38', '35159B24-92CB-A00A-8E1C-6BBC416DB1FD', '127.0.0.1', '2016-11-18 20:46:48', '2016-11-18', 'EC817B38-2B85-11E6-94AB-B888E3759F7F');
INSERT INTO `t_user_loginrecord` VALUES ('64C380C4-15E3-565F-49BB-1D65FC4EF8A0', '35159B24-92CB-A00A-8E1C-6BBC416DB1FD', '127.0.0.1', '2017-02-17 09:14:49', '2017-02-17', '9CA6F639-40C0-B397-C382-9AC90FD40A9D');
INSERT INTO `t_user_loginrecord` VALUES ('66F04C4B-5E0B-DB0B-E8F8-8597ACE497D1', 'EC9103DB-2B85-11E6-94AB-B888E3759F7F', '127.0.0.1', '2016-11-21 20:29:09', '2016-11-21', 'EC817B38-2B85-11E6-94AB-B888E3759F7F');
INSERT INTO `t_user_loginrecord` VALUES ('67017EDF-9730-17BD-4526-1F81816480A8', '35159B24-92CB-A00A-8E1C-6BBC416DB1FD', '127.0.0.1', '2016-12-27 15:36:43', '2016-12-27', '9CA6F639-40C0-B397-C382-9AC90FD40A9D');
INSERT INTO `t_user_loginrecord` VALUES ('69173E70-40C6-80B7-BC3A-372F3DF9ED23', 'C81DD204-581E-2153-9607-DDF96489B8AF', '127.0.0.1', '2017-05-12 12:51:29', '2017-05-12', '9CA6F639-40C0-B397-C382-9AC90FD40A9D');
INSERT INTO `t_user_loginrecord` VALUES ('69579000-795E-E975-217D-A09AA69CEA86', '35159B24-92CB-A00A-8E1C-6BBC416DB1FD', '127.0.0.1', '2017-01-02 16:25:07', '2017-01-02', '9CA6F639-40C0-B397-C382-9AC90FD40A9D');
INSERT INTO `t_user_loginrecord` VALUES ('6B14F39D-75A7-E122-B709-29829CFC9D7E', 'C81DD204-581E-2153-9607-DDF96489B8AF', '127.0.0.1', '2016-12-13 11:52:43', '2016-12-13', '9CA6F639-40C0-B397-C382-9AC90FD40A9D');
INSERT INTO `t_user_loginrecord` VALUES ('6BABA299-A742-E96F-79C6-6588CA86F19B', 'EC9103DB-2B85-11E6-94AB-B888E3759F7F', '127.0.0.1', '2017-05-15 09:43:26', '2017-05-15', 'EC817B38-2B85-11E6-94AB-B888E3759F7F');
INSERT INTO `t_user_loginrecord` VALUES ('6D58F6DA-30DE-F3DE-D79F-3DC93C8E1752', 'EC9103DB-2B85-11E6-94AB-B888E3759F7F', '127.0.0.1', '2016-11-23 23:24:45', '2016-11-23', 'EC817B38-2B85-11E6-94AB-B888E3759F7F');
INSERT INTO `t_user_loginrecord` VALUES ('6E1D45E0-06C3-4ABB-8817-38F96BB6569C', '35159B24-92CB-A00A-8E1C-6BBC416DB1FD', '127.0.0.1', '2016-12-13 11:53:12', '2016-12-13', '9CA6F639-40C0-B397-C382-9AC90FD40A9D');
INSERT INTO `t_user_loginrecord` VALUES ('6E4BCA12-9A5A-61DD-CC5E-6AA002776A69', 'EC9103DB-2B85-11E6-94AB-B888E3759F7F', '127.0.0.1', '2017-01-06 14:08:40', '2017-01-06', 'EC817B38-2B85-11E6-94AB-B888E3759F7F');
INSERT INTO `t_user_loginrecord` VALUES ('6FA3C070-04F1-3E84-28AE-5DDB698053B9', 'EC9103DB-2B85-11E6-94AB-B888E3759F7F', '127.0.0.1', '2017-05-16 10:28:22', '2017-05-16', 'EC817B38-2B85-11E6-94AB-B888E3759F7F');
INSERT INTO `t_user_loginrecord` VALUES ('717B441B-4A92-E64A-BCFB-9B5905E978E2', '35159B24-92CB-A00A-8E1C-6BBC416DB1FD', '127.0.0.1', '2016-12-10 11:36:42', '2016-12-10', '9CA6F639-40C0-B397-C382-9AC90FD40A9D');
INSERT INTO `t_user_loginrecord` VALUES ('733E30CE-93AF-5289-2670-D37E52ED28E7', '35159B24-92CB-A00A-8E1C-6BBC416DB1FD', '127.0.0.1', '2016-12-05 17:55:28', '2016-12-05', '9CA6F639-40C0-B397-C382-9AC90FD40A9D');
INSERT INTO `t_user_loginrecord` VALUES ('73A759C7-CD15-8376-BE41-71D4BA6CB3C3', 'EC9103DB-2B85-11E6-94AB-B888E3759F7F', '127.0.0.1', '2017-05-15 16:47:47', '2017-05-15', 'EC817B38-2B85-11E6-94AB-B888E3759F7F');
INSERT INTO `t_user_loginrecord` VALUES ('744850EA-2792-BCE9-2B11-FCB9A23E3C74', 'CB3FE9B2-2C58-2D40-3B31-193EDA866B03', '127.0.0.1', '2016-12-27 15:36:06', '2016-12-27', '9CA6F639-40C0-B397-C382-9AC90FD40A9D');
INSERT INTO `t_user_loginrecord` VALUES ('7515060C-8D4B-6455-701A-5EE827F4EB0A', '35159B24-92CB-A00A-8E1C-6BBC416DB1FD', '127.0.0.1', '2017-05-15 14:30:33', '2017-05-15', '9CA6F639-40C0-B397-C382-9AC90FD40A9D');
INSERT INTO `t_user_loginrecord` VALUES ('752C77DC-B02C-D1D8-D771-D7A96E38BFCB', '35159B24-92CB-A00A-8E1C-6BBC416DB1FD', '127.0.0.1', '2017-06-05 14:23:06', '2017-06-05', '9CA6F639-40C0-B397-C382-9AC90FD40A9D');
INSERT INTO `t_user_loginrecord` VALUES ('75590B1D-439B-1985-F9A8-B0D07BABD748', 'EC9103DB-2B85-11E6-94AB-B888E3759F7F', '127.0.0.1', '2016-12-14 23:29:15', '2016-12-14', 'EC817B38-2B85-11E6-94AB-B888E3759F7F');
INSERT INTO `t_user_loginrecord` VALUES ('76A562E8-E5D2-9633-CB69-EDF61C410669', 'FB512EAC-74A7-FBC4-1B3A-BC1FE7175813', '127.0.0.1', '2017-03-29 17:36:14', '2017-03-29', '9CA6F639-40C0-B397-C382-9AC90FD40A9D');
INSERT INTO `t_user_loginrecord` VALUES ('787D9A25-3645-461C-6301-134591FE0A92', 'FB512EAC-74A7-FBC4-1B3A-BC1FE7175813', '127.0.0.1', '2016-12-03 19:57:45', '2016-12-03', '9CA6F639-40C0-B397-C382-9AC90FD40A9D');
INSERT INTO `t_user_loginrecord` VALUES ('789226CB-44A7-5854-2373-81BF38525291', 'C81DD204-581E-2153-9607-DDF96489B8AF', '127.0.0.1', '2016-12-13 15:16:13', '2016-12-13', '9CA6F639-40C0-B397-C382-9AC90FD40A9D');
INSERT INTO `t_user_loginrecord` VALUES ('7A977276-43EB-1E2C-04AA-4278518899DB', 'EC9103DB-2B85-11E6-94AB-B888E3759F7F', '127.0.0.1', '2016-12-28 17:49:12', '2016-12-28', 'EC817B38-2B85-11E6-94AB-B888E3759F7F');
INSERT INTO `t_user_loginrecord` VALUES ('7AB58821-E9BF-E6CA-E80F-108A5A46BA38', '35159B24-92CB-A00A-8E1C-6BBC416DB1FD', '127.0.0.1', '2016-12-05 23:16:26', '2016-12-05', '9CA6F639-40C0-B397-C382-9AC90FD40A9D');
INSERT INTO `t_user_loginrecord` VALUES ('7C72DAC6-A863-9ABF-1593-DB7FEF7D6388', '0BAFEC2D-0714-A933-E9A0-2978F83A229E', '192.168.50.189', '2016-12-29 10:48:09', '2016-12-29', '9CA6F639-40C0-B397-C382-9AC90FD40A9D');
INSERT INTO `t_user_loginrecord` VALUES ('7EBAFDA2-3ED7-6159-23C4-BC8C12C7175A', '35159B24-92CB-A00A-8E1C-6BBC416DB1FD', '127.0.0.1', '2016-12-08 16:14:18', '2016-12-08', '9CA6F639-40C0-B397-C382-9AC90FD40A9D');
INSERT INTO `t_user_loginrecord` VALUES ('7EF07991-9ABC-E516-ED0E-C2C038724C7F', '35159B24-92CB-A00A-8E1C-6BBC416DB1FD', '127.0.0.1', '2017-05-11 12:51:52', '2017-05-11', '9CA6F639-40C0-B397-C382-9AC90FD40A9D');
INSERT INTO `t_user_loginrecord` VALUES ('7F23E7DB-0A37-3EDE-6DB8-B9B711513E0B', '35159B24-92CB-A00A-8E1C-6BBC416DB1FD', '127.0.0.1', '2017-06-12 10:13:45', '2017-06-12', '9CA6F639-40C0-B397-C382-9AC90FD40A9D');
INSERT INTO `t_user_loginrecord` VALUES ('8078C101-F7B0-F3D5-3554-A9ABB199B0EE', '35159B24-92CB-A00A-8E1C-6BBC416DB1FD', '127.0.0.1', '2017-05-15 15:48:51', '2017-05-15', '9CA6F639-40C0-B397-C382-9AC90FD40A9D');
INSERT INTO `t_user_loginrecord` VALUES ('80D16D7E-CB4E-BA1B-DDF7-87CB022E3674', 'EC9103DB-2B85-11E6-94AB-B888E3759F7F', '127.0.0.1', '2016-12-26 16:54:49', '2016-12-26', 'EC817B38-2B85-11E6-94AB-B888E3759F7F');
INSERT INTO `t_user_loginrecord` VALUES ('80EF6BBA-9759-6D1F-3971-41F25ECB35BC', '35159B24-92CB-A00A-8E1C-6BBC416DB1FD', '127.0.0.1', '2017-05-19 10:23:11', '2017-05-19', '9CA6F639-40C0-B397-C382-9AC90FD40A9D');
INSERT INTO `t_user_loginrecord` VALUES ('8278272A-296E-42A5-381D-9BA43765872B', 'C81DD204-581E-2153-9607-DDF96489B8AF', '127.0.0.1', '2017-05-12 11:38:54', '2017-05-12', '9CA6F639-40C0-B397-C382-9AC90FD40A9D');
INSERT INTO `t_user_loginrecord` VALUES ('849179A9-CDE1-3374-E719-12123E52E0E2', '35159B24-92CB-A00A-8E1C-6BBC416DB1FD', '127.0.0.1', '2017-03-29 17:28:56', '2017-03-29', '9CA6F639-40C0-B397-C382-9AC90FD40A9D');
INSERT INTO `t_user_loginrecord` VALUES ('84CFE00C-5C83-8DE0-AC4E-FC802E3B72CD', '35159B24-92CB-A00A-8E1C-6BBC416DB1FD', '127.0.0.1', '2016-12-13 17:44:34', '2016-12-13', '9CA6F639-40C0-B397-C382-9AC90FD40A9D');
INSERT INTO `t_user_loginrecord` VALUES ('876FD394-632C-C5DB-3917-AD43E73F59FD', '35159B24-92CB-A00A-8E1C-6BBC416DB1FD', '127.0.0.1', '2017-05-15 16:14:01', '2017-05-15', '9CA6F639-40C0-B397-C382-9AC90FD40A9D');
INSERT INTO `t_user_loginrecord` VALUES ('8A0CFB4C-B822-3244-56B5-CF436E88B9F2', '35159B24-92CB-A00A-8E1C-6BBC416DB1FD', '127.0.0.1', '2016-12-09 20:45:19', '2016-12-09', '9CA6F639-40C0-B397-C382-9AC90FD40A9D');
INSERT INTO `t_user_loginrecord` VALUES ('8AC85A44-9FEC-B06F-BEA3-6F276E14CD88', '35159B24-92CB-A00A-8E1C-6BBC416DB1FD', '127.0.0.1', '2017-05-16 10:28:07', '2017-05-16', '9CA6F639-40C0-B397-C382-9AC90FD40A9D');
INSERT INTO `t_user_loginrecord` VALUES ('8BDD66A0-2643-7EDF-05F1-7EC2A8349BD3', 'C81DD204-581E-2153-9607-DDF96489B8AF', '127.0.0.1', '2017-05-12 10:48:31', '2017-05-12', '9CA6F639-40C0-B397-C382-9AC90FD40A9D');
INSERT INTO `t_user_loginrecord` VALUES ('8D93276F-A89D-4157-F7CB-4DC8C02996A1', '35159B24-92CB-A00A-8E1C-6BBC416DB1FD', '127.0.0.1', '2016-12-13 11:23:15', '2016-12-13', '9CA6F639-40C0-B397-C382-9AC90FD40A9D');
INSERT INTO `t_user_loginrecord` VALUES ('8DCCD983-A8F5-D0CD-898F-120BEFF33A67', '35159B24-92CB-A00A-8E1C-6BBC416DB1FD', '127.0.0.1', '2016-12-26 21:48:39', '2016-12-26', '9CA6F639-40C0-B397-C382-9AC90FD40A9D');
INSERT INTO `t_user_loginrecord` VALUES ('8EADC2D7-2831-4271-08D2-877F22963370', 'EC9103DB-2B85-11E6-94AB-B888E3759F7F', '127.0.0.1', '2017-05-12 15:27:57', '2017-05-12', 'EC817B38-2B85-11E6-94AB-B888E3759F7F');
INSERT INTO `t_user_loginrecord` VALUES ('8FB0D738-E93D-09D8-DE4A-C1350B7824CF', '35159B24-92CB-A00A-8E1C-6BBC416DB1FD', '127.0.0.1', '2016-12-26 15:14:04', '2016-12-26', '9CA6F639-40C0-B397-C382-9AC90FD40A9D');
INSERT INTO `t_user_loginrecord` VALUES ('90039A4C-113A-0FDE-9F21-C98DBDE064B4', '35159B24-92CB-A00A-8E1C-6BBC416DB1FD', '127.0.0.1', '2016-12-28 17:59:31', '2016-12-28', '9CA6F639-40C0-B397-C382-9AC90FD40A9D');
INSERT INTO `t_user_loginrecord` VALUES ('917672C4-4A07-32C9-7AEA-2F52D808E511', '35159B24-92CB-A00A-8E1C-6BBC416DB1FD', '127.0.0.1', '2016-12-03 19:30:11', '2016-12-03', '9CA6F639-40C0-B397-C382-9AC90FD40A9D');
INSERT INTO `t_user_loginrecord` VALUES ('93071D46-907E-5DBE-1EB0-947DBE7A699A', '35159B24-92CB-A00A-8E1C-6BBC416DB1FD', '127.0.0.1', '2017-05-14 00:14:12', '2017-05-14', '9CA6F639-40C0-B397-C382-9AC90FD40A9D');
INSERT INTO `t_user_loginrecord` VALUES ('931509B7-B731-4009-FF1D-0FEA51CC4BA6', '35159B24-92CB-A00A-8E1C-6BBC416DB1FD', '127.0.0.1', '2016-12-14 17:03:12', '2016-12-14', '9CA6F639-40C0-B397-C382-9AC90FD40A9D');
INSERT INTO `t_user_loginrecord` VALUES ('951D4769-DB77-DCDA-744F-DC1BBDA491E9', 'EC9103DB-2B85-11E6-94AB-B888E3759F7F', '127.0.0.1', '2017-05-11 14:53:12', '2017-05-11', 'EC817B38-2B85-11E6-94AB-B888E3759F7F');
INSERT INTO `t_user_loginrecord` VALUES ('956FF80F-C6E7-DBB5-64CF-3A2A10EEB458', '35159B24-92CB-A00A-8E1C-6BBC416DB1FD', '127.0.0.1', '2016-12-09 16:42:13', '2016-12-09', '9CA6F639-40C0-B397-C382-9AC90FD40A9D');
INSERT INTO `t_user_loginrecord` VALUES ('962A4759-0670-47A2-4EFE-045D2F83171F', '35159B24-92CB-A00A-8E1C-6BBC416DB1FD', '127.0.0.1', '2016-11-25 20:19:40', '2016-11-25', '9CA6F639-40C0-B397-C382-9AC90FD40A9D');
INSERT INTO `t_user_loginrecord` VALUES ('96B650E0-6456-FA00-38F2-731A41F09224', '0BAFEC2D-0714-A933-E9A0-2978F83A229E', '192.168.50.189', '2016-12-29 09:53:59', '2016-12-29', '9CA6F639-40C0-B397-C382-9AC90FD40A9D');
INSERT INTO `t_user_loginrecord` VALUES ('970484C0-6053-F505-63F8-5A9318B3165B', '35159B24-92CB-A00A-8E1C-6BBC416DB1FD', '127.0.0.1', '2017-01-06 22:59:29', '2017-01-06', '9CA6F639-40C0-B397-C382-9AC90FD40A9D');
INSERT INTO `t_user_loginrecord` VALUES ('981209FB-B807-F871-294C-BB64E8F33770', 'EC9103DB-2B85-11E6-94AB-B888E3759F7F', '127.0.0.1', '2017-05-15 11:54:07', '2017-05-15', 'EC817B38-2B85-11E6-94AB-B888E3759F7F');
INSERT INTO `t_user_loginrecord` VALUES ('98A6E648-741F-3B13-76CE-D1E1E39B086A', '35159B24-92CB-A00A-8E1C-6BBC416DB1FD', '127.0.0.1', '2016-12-06 14:37:55', '2016-12-06', '9CA6F639-40C0-B397-C382-9AC90FD40A9D');
INSERT INTO `t_user_loginrecord` VALUES ('9A024E33-1059-360F-366F-3438E922D5AB', '35159B24-92CB-A00A-8E1C-6BBC416DB1FD', '127.0.0.1', '2016-12-06 11:51:19', '2016-12-06', '9CA6F639-40C0-B397-C382-9AC90FD40A9D');
INSERT INTO `t_user_loginrecord` VALUES ('9A97E5A1-34F8-C364-4FFF-E3B4306B4E8E', '35159B24-92CB-A00A-8E1C-6BBC416DB1FD', '127.0.0.1', '2017-02-16 16:36:49', '2017-02-16', '9CA6F639-40C0-B397-C382-9AC90FD40A9D');
INSERT INTO `t_user_loginrecord` VALUES ('9AC7B314-9973-EC78-26C8-E43D40A58264', '35159B24-92CB-A00A-8E1C-6BBC416DB1FD', '127.0.0.1', '2017-05-12 15:28:13', '2017-05-12', '9CA6F639-40C0-B397-C382-9AC90FD40A9D');
INSERT INTO `t_user_loginrecord` VALUES ('9B4F3727-EC01-6A0E-841C-CCFA4CD02C15', '35159B24-92CB-A00A-8E1C-6BBC416DB1FD', '127.0.0.1', '2016-12-30 09:12:46', '2016-12-30', '9CA6F639-40C0-B397-C382-9AC90FD40A9D');
INSERT INTO `t_user_loginrecord` VALUES ('9C1A7F8E-5BF7-43C2-FFC4-3441DAD7116A', '35159B24-92CB-A00A-8E1C-6BBC416DB1FD', '127.0.0.1', '2016-12-14 23:29:01', '2016-12-14', 'EC817B38-2B85-11E6-94AB-B888E3759F7F');
INSERT INTO `t_user_loginrecord` VALUES ('9C1FE5EF-E919-6C38-32C2-5F2D7B5366FE', '35159B24-92CB-A00A-8E1C-6BBC416DB1FD', '127.0.0.1', '2016-11-23 19:15:12', '2016-11-23', '9CA6F639-40C0-B397-C382-9AC90FD40A9D');
INSERT INTO `t_user_loginrecord` VALUES ('9DCC128F-7C08-7860-6F5E-99C7455B0102', 'EC9103DB-2B85-11E6-94AB-B888E3759F7F', '127.0.0.1', '2017-06-12 12:54:04', '2017-06-12', 'EC817B38-2B85-11E6-94AB-B888E3759F7F');
INSERT INTO `t_user_loginrecord` VALUES ('9E5D4364-03D0-E5A0-6C80-482711869FCD', '35159B24-92CB-A00A-8E1C-6BBC416DB1FD', '127.0.0.1', '2017-02-24 10:53:27', '2017-02-24', '9CA6F639-40C0-B397-C382-9AC90FD40A9D');
INSERT INTO `t_user_loginrecord` VALUES ('9E754A43-423D-73BD-2844-0EEA15623B37', 'EC9103DB-2B85-11E6-94AB-B888E3759F7F', '127.0.0.1', '2016-12-27 16:18:26', '2016-12-27', 'EC817B38-2B85-11E6-94AB-B888E3759F7F');
INSERT INTO `t_user_loginrecord` VALUES ('9EB8F2BD-B61E-3771-D766-CB3066D11E0F', '35159B24-92CB-A00A-8E1C-6BBC416DB1FD', '127.0.0.1', '2016-12-29 22:03:07', '2016-12-29', '9CA6F639-40C0-B397-C382-9AC90FD40A9D');
INSERT INTO `t_user_loginrecord` VALUES ('9EDFC061-AB21-8434-B09B-B24F13C23888', '35159B24-92CB-A00A-8E1C-6BBC416DB1FD', '127.0.0.1', '2016-12-08 23:42:52', '2016-12-08', '9CA6F639-40C0-B397-C382-9AC90FD40A9D');
INSERT INTO `t_user_loginrecord` VALUES ('9EEDC7EE-ED81-12A1-0247-EB4EF07EDF77', 'FB512EAC-74A7-FBC4-1B3A-BC1FE7175813', '127.0.0.1', '2016-12-03 19:58:53', '2016-12-03', '9CA6F639-40C0-B397-C382-9AC90FD40A9D');
INSERT INTO `t_user_loginrecord` VALUES ('A02016B0-093E-221C-9253-C22DC2022F9C', '0BAFEC2D-0714-A933-E9A0-2978F83A229E', '127.0.0.1', '2016-12-28 17:59:09', '2016-12-28', '9CA6F639-40C0-B397-C382-9AC90FD40A9D');
INSERT INTO `t_user_loginrecord` VALUES ('A0DB98B1-D4F4-276C-41F2-DD422A10E785', '35159B24-92CB-A00A-8E1C-6BBC416DB1FD', '127.0.0.1', '2016-11-19 13:43:22', '2016-11-19', '9CA6F639-40C0-B397-C382-9AC90FD40A9D');
INSERT INTO `t_user_loginrecord` VALUES ('A20F04C4-59D3-AA86-9A90-37A86812CED4', '35159B24-92CB-A00A-8E1C-6BBC416DB1FD', '127.0.0.1', '2017-02-24 09:30:20', '2017-02-24', '9CA6F639-40C0-B397-C382-9AC90FD40A9D');
INSERT INTO `t_user_loginrecord` VALUES ('A2E8D606-3395-BCA6-64B4-50C4CA66303D', '35159B24-92CB-A00A-8E1C-6BBC416DB1FD', '127.0.0.1', '2016-12-15 15:55:09', '2016-12-15', '9CA6F639-40C0-B397-C382-9AC90FD40A9D');
INSERT INTO `t_user_loginrecord` VALUES ('A3669AB8-4D23-FFDB-6907-CAD942B111CA', '35159B24-92CB-A00A-8E1C-6BBC416DB1FD', '127.0.0.1', '2017-03-30 11:02:42', '2017-03-30', '9CA6F639-40C0-B397-C382-9AC90FD40A9D');
INSERT INTO `t_user_loginrecord` VALUES ('A36DDA96-8548-9D9F-D590-EF4A435A3E15', 'EC9103DB-2B85-11E6-94AB-B888E3759F7F', '127.0.0.1', '2017-05-13 22:09:52', '2017-05-13', 'EC817B38-2B85-11E6-94AB-B888E3759F7F');
INSERT INTO `t_user_loginrecord` VALUES ('A37B765B-1816-1520-6764-015B0DEACF77', '35159B24-92CB-A00A-8E1C-6BBC416DB1FD', '127.0.0.1', '2016-12-06 23:07:11', '2016-12-06', '9CA6F639-40C0-B397-C382-9AC90FD40A9D');
INSERT INTO `t_user_loginrecord` VALUES ('A6CBCB77-607B-5A3D-EEB9-8CB866C2A440', 'C81DD204-581E-2153-9607-DDF96489B8AF', '192.168.50.189', '2016-12-29 10:01:15', '2016-12-29', '9CA6F639-40C0-B397-C382-9AC90FD40A9D');
INSERT INTO `t_user_loginrecord` VALUES ('A9688416-24FA-D009-EAAA-3294B85EECE8', '35159B24-92CB-A00A-8E1C-6BBC416DB1FD', '192.168.50.189', '2016-12-15 16:11:12', '2016-12-15', '9CA6F639-40C0-B397-C382-9AC90FD40A9D');
INSERT INTO `t_user_loginrecord` VALUES ('A97A1B9D-1CD8-AE92-55E7-C67B9F494D2D', '35159B24-92CB-A00A-8E1C-6BBC416DB1FD', '127.0.0.1', '2016-12-05 18:12:57', '2016-12-05', '9CA6F639-40C0-B397-C382-9AC90FD40A9D');
INSERT INTO `t_user_loginrecord` VALUES ('AA7B54C7-A3D7-0EEB-0B29-D253BDF82212', '35159B24-92CB-A00A-8E1C-6BBC416DB1FD', '127.0.0.1', '2016-12-28 16:54:41', '2016-12-28', '9CA6F639-40C0-B397-C382-9AC90FD40A9D');
INSERT INTO `t_user_loginrecord` VALUES ('AA98770E-73C7-C27A-03A6-1757E57F5E19', 'EC9103DB-2B85-11E6-94AB-B888E3759F7F', '127.0.0.1', '2016-12-15 22:06:29', '2016-12-15', 'EC817B38-2B85-11E6-94AB-B888E3759F7F');
INSERT INTO `t_user_loginrecord` VALUES ('AA9CF839-AF5C-C4AB-333C-B7E11508429C', '35159B24-92CB-A00A-8E1C-6BBC416DB1FD', '127.0.0.1', '2016-11-14 15:40:39', '2016-11-14', '9CA6F639-40C0-B397-C382-9AC90FD40A9D');
INSERT INTO `t_user_loginrecord` VALUES ('AAA206C9-8EAF-9A81-FE49-B2A94E1E4639', '35159B24-92CB-A00A-8E1C-6BBC416DB1FD', '127.0.0.1', '2016-12-12 17:44:46', '2016-12-12', '9CA6F639-40C0-B397-C382-9AC90FD40A9D');
INSERT INTO `t_user_loginrecord` VALUES ('AB9D8899-505F-EE29-915A-7EAB3B1C3F55', 'EC9103DB-2B85-11E6-94AB-B888E3759F7F', '127.0.0.1', '2016-12-15 13:55:16', '2016-12-15', 'EC817B38-2B85-11E6-94AB-B888E3759F7F');
INSERT INTO `t_user_loginrecord` VALUES ('ACDF6DB8-AE27-7164-1BBF-093D40C2D46D', '35159B24-92CB-A00A-8E1C-6BBC416DB1FD', '127.0.0.1', '2016-12-30 14:53:57', '2016-12-30', '9CA6F639-40C0-B397-C382-9AC90FD40A9D');
INSERT INTO `t_user_loginrecord` VALUES ('AD6DF436-868C-9EBE-50B9-89810808608A', 'EC9103DB-2B85-11E6-94AB-B888E3759F7F', '127.0.0.1', '2016-11-23 22:22:53', '2016-11-23', 'EC817B38-2B85-11E6-94AB-B888E3759F7F');
INSERT INTO `t_user_loginrecord` VALUES ('AE35B939-C459-9572-9866-08D3F0098C38', 'EC9103DB-2B85-11E6-94AB-B888E3759F7F', '127.0.0.1', '2017-05-11 15:56:05', '2017-05-11', 'EC817B38-2B85-11E6-94AB-B888E3759F7F');
INSERT INTO `t_user_loginrecord` VALUES ('B04CC6A1-EE41-81C8-0A11-101780EEF8F5', '35159B24-92CB-A00A-8E1C-6BBC416DB1FD', '127.0.0.1', '2016-12-06 13:17:50', '2016-12-06', '9CA6F639-40C0-B397-C382-9AC90FD40A9D');
INSERT INTO `t_user_loginrecord` VALUES ('B198938A-8FB6-1BC9-401E-DD701197E1C0', '35159B24-92CB-A00A-8E1C-6BBC416DB1FD', '127.0.0.1', '2017-03-02 17:04:28', '2017-03-02', '9CA6F639-40C0-B397-C382-9AC90FD40A9D');
INSERT INTO `t_user_loginrecord` VALUES ('B2B940A9-FCDF-A30B-9569-6652F550254E', '35159B24-92CB-A00A-8E1C-6BBC416DB1FD', '127.0.0.1', '2016-12-27 15:37:45', '2016-12-27', '9CA6F639-40C0-B397-C382-9AC90FD40A9D');
INSERT INTO `t_user_loginrecord` VALUES ('B4E277D0-8AE7-1AC1-1086-962CB6F53D3E', '35159B24-92CB-A00A-8E1C-6BBC416DB1FD', '127.0.0.1', '2016-12-09 11:12:02', '2016-12-09', '9CA6F639-40C0-B397-C382-9AC90FD40A9D');
INSERT INTO `t_user_loginrecord` VALUES ('B537CAEA-2F5A-D30A-6BBB-CB3832167D63', '35159B24-92CB-A00A-8E1C-6BBC416DB1FD', '127.0.0.1', '2016-12-14 19:02:45', '2016-12-14', '9CA6F639-40C0-B397-C382-9AC90FD40A9D');
INSERT INTO `t_user_loginrecord` VALUES ('B81EF507-B3D8-7C76-C0F2-49998B18A85D', '35159B24-92CB-A00A-8E1C-6BBC416DB1FD', '192.168.50.189', '2016-12-29 09:50:04', '2016-12-29', '9CA6F639-40C0-B397-C382-9AC90FD40A9D');
INSERT INTO `t_user_loginrecord` VALUES ('BA240695-88F3-0F60-0772-B49E7C5EB5D5', 'EC9103DB-2B85-11E6-94AB-B888E3759F7F', '127.0.0.1', '2016-12-09 00:05:48', '2016-12-09', 'EC817B38-2B85-11E6-94AB-B888E3759F7F');
INSERT INTO `t_user_loginrecord` VALUES ('BA9E3E73-96EC-8334-194B-B60FEFEEE682', '35159B24-92CB-A00A-8E1C-6BBC416DB1FD', '127.0.0.1', '2016-12-13 15:18:24', '2016-12-13', '9CA6F639-40C0-B397-C382-9AC90FD40A9D');
INSERT INTO `t_user_loginrecord` VALUES ('BD5C0841-39C6-245D-052B-9500F098136D', 'FB512EAC-74A7-FBC4-1B3A-BC1FE7175813', '127.0.0.1', '2016-12-03 19:55:18', '2016-12-03', '9CA6F639-40C0-B397-C382-9AC90FD40A9D');
INSERT INTO `t_user_loginrecord` VALUES ('BD61F08C-3E10-FF64-5DEC-D3F5062D0299', 'EC9103DB-2B85-11E6-94AB-B888E3759F7F', '127.0.0.1', '2016-12-03 19:31:33', '2016-12-03', 'EC817B38-2B85-11E6-94AB-B888E3759F7F');
INSERT INTO `t_user_loginrecord` VALUES ('BE026413-9FBE-655F-82D3-7FA18F58D8DE', 'EC9103DB-2B85-11E6-94AB-B888E3759F7F', '127.0.0.1', '2016-12-03 19:39:22', '2016-12-03', 'EC817B38-2B85-11E6-94AB-B888E3759F7F');
INSERT INTO `t_user_loginrecord` VALUES ('C407F992-6AF5-99BB-3CEF-7D16FCDA16D3', '35159B24-92CB-A00A-8E1C-6BBC416DB1FD', '127.0.0.1', '2017-05-16 10:45:29', '2017-05-16', '9CA6F639-40C0-B397-C382-9AC90FD40A9D');
INSERT INTO `t_user_loginrecord` VALUES ('C40CE571-B9A1-B611-9547-FD9C45713866', 'EC9103DB-2B85-11E6-94AB-B888E3759F7F', '127.0.0.1', '2017-05-11 17:40:16', '2017-05-11', 'EC817B38-2B85-11E6-94AB-B888E3759F7F');
INSERT INTO `t_user_loginrecord` VALUES ('C41BAE68-B62B-4A44-8AC2-8E35627FEF79', '35159B24-92CB-A00A-8E1C-6BBC416DB1FD', '127.0.0.1', '2016-11-18 16:26:23', '2016-11-18', '9CA6F639-40C0-B397-C382-9AC90FD40A9D');
INSERT INTO `t_user_loginrecord` VALUES ('C59CF49B-7A55-3829-78F5-8F51A13D3460', 'EC9103DB-2B85-11E6-94AB-B888E3759F7F', '127.0.0.1', '2017-05-12 11:33:22', '2017-05-12', 'EC817B38-2B85-11E6-94AB-B888E3759F7F');
INSERT INTO `t_user_loginrecord` VALUES ('C61DF53E-A7C9-9BBA-BE83-6B33FE67EF38', '35159B24-92CB-A00A-8E1C-6BBC416DB1FD', '127.0.0.1', '2017-06-12 12:41:55', '2017-06-12', '9CA6F639-40C0-B397-C382-9AC90FD40A9D');
INSERT INTO `t_user_loginrecord` VALUES ('C63CC023-B152-0D29-5160-FD7BDFD7344E', '35159B24-92CB-A00A-8E1C-6BBC416DB1FD', '127.0.0.1', '2016-12-27 10:22:44', '2016-12-27', '9CA6F639-40C0-B397-C382-9AC90FD40A9D');
INSERT INTO `t_user_loginrecord` VALUES ('CA4259C9-7EC0-951A-38E4-92C52779674B', '35159B24-92CB-A00A-8E1C-6BBC416DB1FD', '127.0.0.1', '2017-05-11 14:53:54', '2017-05-11', '9CA6F639-40C0-B397-C382-9AC90FD40A9D');
INSERT INTO `t_user_loginrecord` VALUES ('CB70133B-9825-FDD8-5056-5AA1673735F1', '35159B24-92CB-A00A-8E1C-6BBC416DB1FD', '127.0.0.1', '2017-05-15 11:45:28', '2017-05-15', 'EC817B38-2B85-11E6-94AB-B888E3759F7F');
INSERT INTO `t_user_loginrecord` VALUES ('CC91667A-C2CC-C183-395C-F222D2B8EEE9', 'EC9103DB-2B85-11E6-94AB-B888E3759F7F', '127.0.0.1', '2016-12-15 09:32:04', '2016-12-15', 'EC817B38-2B85-11E6-94AB-B888E3759F7F');
INSERT INTO `t_user_loginrecord` VALUES ('CD61644D-1920-D272-CDBB-1FD4A8520FA1', '35159B24-92CB-A00A-8E1C-6BBC416DB1FD', '127.0.0.1', '2017-02-24 09:28:38', '2017-02-24', '9CA6F639-40C0-B397-C382-9AC90FD40A9D');
INSERT INTO `t_user_loginrecord` VALUES ('CFE61431-3A0D-EF60-F89E-D644CB5326BF', 'EC9103DB-2B85-11E6-94AB-B888E3759F7F', '127.0.0.1', '2017-05-03 16:03:25', '2017-05-03', 'EC817B38-2B85-11E6-94AB-B888E3759F7F');
INSERT INTO `t_user_loginrecord` VALUES ('D035423D-C1CA-06C2-57E2-3B16C6C4851A', '35159B24-92CB-A00A-8E1C-6BBC416DB1FD', '127.0.0.1', '2017-05-03 15:58:03', '2017-05-03', '9CA6F639-40C0-B397-C382-9AC90FD40A9D');
INSERT INTO `t_user_loginrecord` VALUES ('D1EC66D6-B38D-C393-7232-C8BFC094C881', '35159B24-92CB-A00A-8E1C-6BBC416DB1FD', '192.168.50.189', '2016-12-08 10:38:48', '2016-12-08', '9CA6F639-40C0-B397-C382-9AC90FD40A9D');
INSERT INTO `t_user_loginrecord` VALUES ('D2183BAB-B7CC-E18B-B1B7-77D10AC7FF4B', 'EC9103DB-2B85-11E6-94AB-B888E3759F7F', '127.0.0.1', '2016-12-29 10:20:08', '2016-12-29', 'EC817B38-2B85-11E6-94AB-B888E3759F7F');
INSERT INTO `t_user_loginrecord` VALUES ('D4556CDA-AA44-B111-6959-5FC27CAB8242', '35159B24-92CB-A00A-8E1C-6BBC416DB1FD', '127.0.0.1', '2016-12-15 22:19:13', '2016-12-15', '9CA6F639-40C0-B397-C382-9AC90FD40A9D');
INSERT INTO `t_user_loginrecord` VALUES ('D4C8C126-F64B-3C7D-FD88-7D25504133FD', '35159B24-92CB-A00A-8E1C-6BBC416DB1FD', '127.0.0.1', '2016-12-05 15:35:09', '2016-12-05', '9CA6F639-40C0-B397-C382-9AC90FD40A9D');
INSERT INTO `t_user_loginrecord` VALUES ('D5668AB7-1949-1F82-3708-2EE957FF1C67', '35159B24-92CB-A00A-8E1C-6BBC416DB1FD', '127.0.0.1', '2016-11-25 05:01:10', '2016-11-25', '9CA6F639-40C0-B397-C382-9AC90FD40A9D');
INSERT INTO `t_user_loginrecord` VALUES ('D72CC349-8E84-C4A8-33C4-DD3E5FE295BE', 'EC9103DB-2B85-11E6-94AB-B888E3759F7F', '127.0.0.1', '2017-03-30 11:02:01', '2017-03-30', 'EC817B38-2B85-11E6-94AB-B888E3759F7F');
INSERT INTO `t_user_loginrecord` VALUES ('D769F658-FA0C-52E6-4E8C-C03C4CA86C13', '35159B24-92CB-A00A-8E1C-6BBC416DB1FD', '127.0.0.1', '2017-01-04 23:20:17', '2017-01-04', '9CA6F639-40C0-B397-C382-9AC90FD40A9D');
INSERT INTO `t_user_loginrecord` VALUES ('D91E76FF-A98B-192C-9596-B7576B623541', '35159B24-92CB-A00A-8E1C-6BBC416DB1FD', '127.0.0.1', '2017-02-16 15:27:01', '2017-02-16', '9CA6F639-40C0-B397-C382-9AC90FD40A9D');
INSERT INTO `t_user_loginrecord` VALUES ('D94CCCAA-7558-C29A-94E6-AAA6C05414FD', 'B98D1CCA-75CD-9656-73E4-CA94AA72EFD0', '127.0.0.1', '2017-05-22 15:48:26', '2017-05-22', '9CA6F639-40C0-B397-C382-9AC90FD40A9D');
INSERT INTO `t_user_loginrecord` VALUES ('DAE8ECFC-4C0D-01A1-5CF7-B013ACE37F80', '35159B24-92CB-A00A-8E1C-6BBC416DB1FD', '127.0.0.1', '2016-11-30 17:38:16', '2016-11-30', '9CA6F639-40C0-B397-C382-9AC90FD40A9D');
INSERT INTO `t_user_loginrecord` VALUES ('DB668608-625D-844A-FE76-BE1C2C72BAC7', '35159B24-92CB-A00A-8E1C-6BBC416DB1FD', '127.0.0.1', '2016-12-08 14:51:33', '2016-12-08', '9CA6F639-40C0-B397-C382-9AC90FD40A9D');
INSERT INTO `t_user_loginrecord` VALUES ('DB91DE2B-FD40-7355-5167-0D3140C6158D', '35159B24-92CB-A00A-8E1C-6BBC416DB1FD', '127.0.0.1', '2017-05-12 09:04:23', '2017-05-12', '9CA6F639-40C0-B397-C382-9AC90FD40A9D');
INSERT INTO `t_user_loginrecord` VALUES ('DBB39C33-B9ED-CEF3-3BA0-8336CBC65D26', '35159B24-92CB-A00A-8E1C-6BBC416DB1FD', '127.0.0.1', '2016-11-25 18:54:51', '2016-11-25', '9CA6F639-40C0-B397-C382-9AC90FD40A9D');
INSERT INTO `t_user_loginrecord` VALUES ('DC5FA56A-99C7-73ED-5A98-C03D91991B9D', 'EC9103DB-2B85-11E6-94AB-B888E3759F7F', '127.0.0.1', '2017-05-03 17:51:57', '2017-05-03', 'EC817B38-2B85-11E6-94AB-B888E3759F7F');
INSERT INTO `t_user_loginrecord` VALUES ('DD9BB971-4778-5D93-9DA0-BB7C494F7448', 'EC9103DB-2B85-11E6-94AB-B888E3759F7F', '127.0.0.1', '2017-05-14 00:17:38', '2017-05-14', 'EC817B38-2B85-11E6-94AB-B888E3759F7F');
INSERT INTO `t_user_loginrecord` VALUES ('DE902528-6594-DD84-56C6-499F373F6E4C', '35159B24-92CB-A00A-8E1C-6BBC416DB1FD', '127.0.0.1', '2016-12-12 09:17:54', '2016-12-12', '9CA6F639-40C0-B397-C382-9AC90FD40A9D');
INSERT INTO `t_user_loginrecord` VALUES ('DF4119B0-9B15-A5BE-7228-2D74739E827E', '35159B24-92CB-A00A-8E1C-6BBC416DB1FD', '127.0.0.1', '2016-11-22 12:43:46', '2016-11-22', '9CA6F639-40C0-B397-C382-9AC90FD40A9D');
INSERT INTO `t_user_loginrecord` VALUES ('E04028D8-0821-C883-0686-79698CDF3502', '35159B24-92CB-A00A-8E1C-6BBC416DB1FD', '127.0.0.1', '2016-11-25 18:54:17', '2016-11-25', '9CA6F639-40C0-B397-C382-9AC90FD40A9D');
INSERT INTO `t_user_loginrecord` VALUES ('E28B900D-DA17-33B3-AC7F-432C82A5A15E', 'EC9103DB-2B85-11E6-94AB-B888E3759F7F', '127.0.0.1', '2016-11-23 18:46:03', '2016-11-23', 'EC817B38-2B85-11E6-94AB-B888E3759F7F');
INSERT INTO `t_user_loginrecord` VALUES ('E39E8605-0035-8D78-9547-E6E5955261E5', 'EC9103DB-2B85-11E6-94AB-B888E3759F7F', '127.0.0.1', '2016-12-13 11:28:24', '2016-12-13', 'EC817B38-2B85-11E6-94AB-B888E3759F7F');
INSERT INTO `t_user_loginrecord` VALUES ('E532DD40-9708-80E8-7F9D-0C2E3FD2D04C', 'C81DD204-581E-2153-9607-DDF96489B8AF', '127.0.0.1', '2017-05-12 23:24:57', '2017-05-12', '9CA6F639-40C0-B397-C382-9AC90FD40A9D');
INSERT INTO `t_user_loginrecord` VALUES ('E8F6003A-2497-5DB1-3577-7B9292B76902', '35159B24-92CB-A00A-8E1C-6BBC416DB1FD', '127.0.0.1', '2017-05-16 16:07:36', '2017-05-16', '9CA6F639-40C0-B397-C382-9AC90FD40A9D');
INSERT INTO `t_user_loginrecord` VALUES ('E9074EA8-BE38-1F0E-E410-4A14739BD9AB', '35159B24-92CB-A00A-8E1C-6BBC416DB1FD', '127.0.0.1', '2016-12-15 14:02:03', '2016-12-15', '9CA6F639-40C0-B397-C382-9AC90FD40A9D');
INSERT INTO `t_user_loginrecord` VALUES ('E922EDA5-1123-5C53-D3F4-CB8CCA015A5C', '35159B24-92CB-A00A-8E1C-6BBC416DB1FD', '192.168.50.189', '2016-12-29 09:48:06', '2016-12-29', '9CA6F639-40C0-B397-C382-9AC90FD40A9D');
INSERT INTO `t_user_loginrecord` VALUES ('E9462E15-C8D4-357C-2A7D-E4211431A4C5', '35159B24-92CB-A00A-8E1C-6BBC416DB1FD', '127.0.0.1', '2016-12-06 17:40:32', '2016-12-06', '9CA6F639-40C0-B397-C382-9AC90FD40A9D');
INSERT INTO `t_user_loginrecord` VALUES ('E97B1F4C-6123-F92D-F3AC-06707F02E270', 'EC9103DB-2B85-11E6-94AB-B888E3759F7F', '127.0.0.1', '2016-11-18 20:46:59', '2016-11-18', 'EC817B38-2B85-11E6-94AB-B888E3759F7F');
INSERT INTO `t_user_loginrecord` VALUES ('EA55CA00-552E-BA00-733F-73E254157885', '35159B24-92CB-A00A-8E1C-6BBC416DB1FD', '127.0.0.1', '2017-05-15 11:45:20', '2017-05-15', '9CA6F639-40C0-B397-C382-9AC90FD40A9D');
INSERT INTO `t_user_loginrecord` VALUES ('EE5D8032-27AE-7D83-7DA1-4DE051C390F2', 'EC9103DB-2B85-11E6-94AB-B888E3759F7F', '127.0.0.1', '2017-06-05 14:18:45', '2017-06-05', 'EC817B38-2B85-11E6-94AB-B888E3759F7F');
INSERT INTO `t_user_loginrecord` VALUES ('EEEC6860-5F1A-5796-24A2-A53AB9BFACB6', '35159B24-92CB-A00A-8E1C-6BBC416DB1FD', '127.0.0.1', '2017-05-15 09:56:54', '2017-05-15', '9CA6F639-40C0-B397-C382-9AC90FD40A9D');
INSERT INTO `t_user_loginrecord` VALUES ('EF6E22B2-B9C7-F971-BC83-088589E9ED1F', '35159B24-92CB-A00A-8E1C-6BBC416DB1FD', '127.0.0.1', '2016-12-07 12:42:06', '2016-12-07', '9CA6F639-40C0-B397-C382-9AC90FD40A9D');
INSERT INTO `t_user_loginrecord` VALUES ('EF7C9EDC-CED6-30A6-01DE-D6D06BD92193', '35159B24-92CB-A00A-8E1C-6BBC416DB1FD', '192.168.50.189', '2016-12-29 10:30:05', '2016-12-29', '9CA6F639-40C0-B397-C382-9AC90FD40A9D');
INSERT INTO `t_user_loginrecord` VALUES ('EFC71CBE-D0A5-B72F-B8CC-FE92F7304605', 'EC9103DB-2B85-11E6-94AB-B888E3759F7F', '127.0.0.1', '2017-05-12 22:01:37', '2017-05-12', 'EC817B38-2B85-11E6-94AB-B888E3759F7F');
INSERT INTO `t_user_loginrecord` VALUES ('F17BFA77-D5AF-0644-4363-BE604CD26BBB', '35159B24-92CB-A00A-8E1C-6BBC416DB1FD', '127.0.0.1', '2016-12-28 21:13:51', '2016-12-28', '9CA6F639-40C0-B397-C382-9AC90FD40A9D');
INSERT INTO `t_user_loginrecord` VALUES ('F2244302-9025-7030-CF80-FD675A65E4C6', 'C81DD204-581E-2153-9607-DDF96489B8AF', '127.0.0.1', '2017-05-12 15:29:31', '2017-05-12', '9CA6F639-40C0-B397-C382-9AC90FD40A9D');
INSERT INTO `t_user_loginrecord` VALUES ('F4A6341B-3E01-8680-BF81-D80843388CA4', '35159B24-92CB-A00A-8E1C-6BBC416DB1FD', '127.0.0.1', '2017-05-04 11:27:55', '2017-05-04', '9CA6F639-40C0-B397-C382-9AC90FD40A9D');
INSERT INTO `t_user_loginrecord` VALUES ('F5409785-2075-D17F-E6B6-5FDFB413E4C0', 'EC9103DB-2B85-11E6-94AB-B888E3759F7F', '127.0.0.1', '2016-12-15 17:10:41', '2016-12-15', 'EC817B38-2B85-11E6-94AB-B888E3759F7F');
INSERT INTO `t_user_loginrecord` VALUES ('F612E129-5F98-16D6-697B-A7834D835E26', '35159B24-92CB-A00A-8E1C-6BBC416DB1FD', '127.0.0.1', '2017-01-20 17:43:13', '2017-01-20', '9CA6F639-40C0-B397-C382-9AC90FD40A9D');
INSERT INTO `t_user_loginrecord` VALUES ('F65A7FD8-FE14-6774-016E-DA2B83E6B7CF', 'EC9103DB-2B85-11E6-94AB-B888E3759F7F', '127.0.0.1', '2017-05-12 23:48:56', '2017-05-12', 'EC817B38-2B85-11E6-94AB-B888E3759F7F');
INSERT INTO `t_user_loginrecord` VALUES ('F68F0B8A-AE21-E08D-BE34-26EAA2817518', '35159B24-92CB-A00A-8E1C-6BBC416DB1FD', '127.0.0.1', '2017-05-03 23:24:24', '2017-05-03', '9CA6F639-40C0-B397-C382-9AC90FD40A9D');
INSERT INTO `t_user_loginrecord` VALUES ('F78EA266-C48B-DFCA-AB58-5631CA1716C6', '35159B24-92CB-A00A-8E1C-6BBC416DB1FD', '127.0.0.1', '2016-12-15 13:16:02', '2016-12-15', '9CA6F639-40C0-B397-C382-9AC90FD40A9D');
INSERT INTO `t_user_loginrecord` VALUES ('F7945756-A187-4E17-B3AA-96C0E4B78813', '35159B24-92CB-A00A-8E1C-6BBC416DB1FD', '127.0.0.1', '2017-01-09 09:36:24', '2017-01-09', '9CA6F639-40C0-B397-C382-9AC90FD40A9D');
INSERT INTO `t_user_loginrecord` VALUES ('F8C70CAB-636F-E71C-55CE-412A5FFF5B45', '35159B24-92CB-A00A-8E1C-6BBC416DB1FD', '127.0.0.1', '2017-01-07 21:41:19', '2017-01-07', '9CA6F639-40C0-B397-C382-9AC90FD40A9D');
INSERT INTO `t_user_loginrecord` VALUES ('FA7922F4-2FDE-2BE0-62B8-49147BF893E8', '35159B24-92CB-A00A-8E1C-6BBC416DB1FD', '127.0.0.1', '2016-12-15 10:10:02', '2016-12-15', '9CA6F639-40C0-B397-C382-9AC90FD40A9D');
INSERT INTO `t_user_loginrecord` VALUES ('FC04B322-84D1-5E9D-D2D1-D2E240079415', '35159B24-92CB-A00A-8E1C-6BBC416DB1FD', '127.0.0.1', '2017-05-22 13:52:26', '2017-05-22', '9CA6F639-40C0-B397-C382-9AC90FD40A9D');

-- ----------------------------
-- Table structure for t_user_role_set
-- ----------------------------
DROP TABLE IF EXISTS `t_user_role_set`;
CREATE TABLE `t_user_role_set` (
  `id` char(36) NOT NULL,
  `userid` char(36) NOT NULL,
  `roleid` char(36) NOT NULL,
  PRIMARY KEY (`id`),
  KEY `userid_cons_332` (`userid`),
  KEY `roleid_cons_332` (`roleid`),
  CONSTRAINT `t_user_role_set_ibfk_1` FOREIGN KEY (`roleid`) REFERENCES `t_role` (`id`),
  CONSTRAINT `t_user_role_set_ibfk_2` FOREIGN KEY (`userid`) REFERENCES `t_user` (`id`)
) ENGINE=InnoDB DEFAULT CHARSET=utf8mb4;

-- ----------------------------
-- Records of t_user_role_set
-- ----------------------------
INSERT INTO `t_user_role_set` VALUES ('261CB272-4222-B38C-8C33-156A21A3ADDA', 'FB512EAC-74A7-FBC4-1B3A-BC1FE7175813', '1D1D7F4F-211A-0316-DF96-10EE5DB08B3B');
INSERT INTO `t_user_role_set` VALUES ('343C2B4A-D098-00DD-5750-EA71F9629FFE', '61E5FC9B-7317-D9C7-43EC-33FCFA59BE02', 'AF02C50F-55E4-AAE7-F12D-24F13BFEAD92');
INSERT INTO `t_user_role_set` VALUES ('3984F698-FD1A-1FBF-F04C-59A8D4BBA25D', '0BAFEC2D-0714-A933-E9A0-2978F83A229E', 'E0028EEE-EC26-50F9-451E-344118D684BA');
INSERT INTO `t_user_role_set` VALUES ('6BB6C7F5-8231-C9D1-BDB6-F9A0A14585D6', 'C81DD204-581E-2153-9607-DDF96489B8AF', '3BC5F956-772D-99A9-D86A-34FE93A1EC6D');
INSERT INTO `t_user_role_set` VALUES ('7A453324-665C-62D7-267B-C54B5E7E2227', 'DD748C57-2BAC-4C3E-5C33-43BA1F8AB8B5', '48AA8369-EAFC-16EE-ED50-5F799BD49B3A');
INSERT INTO `t_user_role_set` VALUES ('7E0C3F6A-C309-BC92-95C7-6251C466218E', 'B98D1CCA-75CD-9656-73E4-CA94AA72EFD0', '353BC10F-9B0C-10E6-518E-5C24E6EF2E6F');
INSERT INTO `t_user_role_set` VALUES ('986DCB1E-23D0-8149-2755-188043B38282', '35159B24-92CB-A00A-8E1C-6BBC416DB1FD', '1A0CE3E1-A830-5EB8-7FA3-5AB2D72577AA');
INSERT INTO `t_user_role_set` VALUES ('A76DDD06-5EA6-7FA0-0D37-06C1BFEBE0F6', 'CB3FE9B2-2C58-2D40-3B31-193EDA866B03', 'E0028EEE-EC26-50F9-451E-344118D684BA');
INSERT INTO `t_user_role_set` VALUES ('C1144D1C-C63E-AE9B-5B7A-9755AD292752', '0BAFEC2D-0714-A933-E9A0-2978F83A229E', 'E7C1C8D7-178F-2DBC-C306-468BA992C49C');
INSERT INTO `t_user_role_set` VALUES ('CF3918BE-D11B-A159-B7DB-D4B13F02B124', '35159B24-92CB-A00A-8E1C-6BBC416DB1FD', '00F764B2-1D7A-1F6C-54C7-116E7888A622');
INSERT INTO `t_user_role_set` VALUES ('ECB15B68-2B85-11E6-94AB-B888E3759F7F', 'EC9103DB-2B85-11E6-94AB-B888E3759F7F', 'ECA46FD5-2B85-11E6-94AB-B888E3759F7F');
SET FOREIGN_KEY_CHECKS=1;
